RecordID,CowKey,Source,RowID,SourceRowID,EarTemperature_C,CoreReferenceTemperature_C,AmbientTemperature_C,MeasurementTime_hour
MEAS_R000001,C021,S01,1,1,30.0,38.3,13.1,11.0
MEAS_R000002,C021,S01,2,2,30.4,38.3,16.0,12.0
MEAS_R000003,C021,S01,3,3,31.5,38.2,18.3,13.0
MEAS_R000004,C021,S01,4,4,32.6,38.4,20.8,14.0
MEAS_R000005,C021,S01,5,5,32.8,38.1,22.0,15.0
MEAS_R000006,C021,S01,6,6,28.1,38.3,13.4,21.0
MEAS_R000007,C021,S01,7,7,29.3,38.3,11.8,22.0
MEAS_R000008,C021,S01,8,8,29.2,38.2,10.9,23.0
MEAS_R000009,C021,S01,9,9,28.6,38.0,10.9,24.0
MEAS_R000010,C003,S01,10,10,31.4,39.0,5.4,0.0
MEAS_R000011,C003,S01,11,11,33.3,38.8,6.1,11.0
MEAS_R000012,C003,S01,12,12,31.8,38.7,6.9,12.0
MEAS_R000013,C003,S01,13,13,33.6,38.4,6.8,12.0
MEAS_R000014,C003,S01,14,14,33.3,38.5,9.3,13.0
MEAS_R000015,C003,S01,15,15,33.6,38.4,8.0,13.0
MEAS_R000016,C003,S01,16,16,33.1,38.5,11.2,14.0
MEAS_R000017,C003,S01,17,17,33.9,38.3,11.2,15.0
MEAS_R000018,C003,S01,18,18,36.4,38.5,9.1,15.0
MEAS_R000019,C003,S01,19,19,32.0,39.0,9.0,19.0
MEAS_R000020,C003,S01,20,20,32.0,38.6,6.0,21.0
MEAS_R000021,C003,S01,21,21,33.7,38.0,5.5,23.0
MEAS_R000022,C002,S01,22,22,32.9,38.2,5.4,0.0
MEAS_R000023,C002,S01,23,23,30.8,39.5,6.1,11.0
MEAS_R000024,C002,S01,24,24,33.1,39.1,5.0,11.0
MEAS_R000025,C002,S01,25,25,34.2,38.5,6.9,12.0
MEAS_R000026,C002,S01,26,26,36.2,39.3,6.8,12.0
MEAS_R000027,C002,S01,27,27,32.8,39.2,8.0,13.0
MEAS_R000028,C002,S01,28,28,33.9,38.8,9.3,13.0
MEAS_R000029,C002,S01,29,29,36.2,39.0,8.8,14.0
MEAS_R000030,C002,S01,30,30,36.0,38.9,9.1,15.0
MEAS_R000031,C002,S01,31,31,33.7,40.0,9.0,19.0
MEAS_R000032,C002,S01,32,32,32.6,39.7,6.0,21.0
MEAS_R000033,C002,S01,33,33,33.2,39.6,5.4,22.0
MEAS_R000034,C002,S01,34,34,33.5,39.2,5.5,23.0
MEAS_R000035,C029,S01,35,35,31.8,38.1,5.4,0.0
MEAS_R000036,C029,S01,36,36,35.7,38.1,6.1,11.0
MEAS_R000037,C029,S01,37,37,32.9,38.0,6.9,12.0
MEAS_R000038,C029,S01,38,38,33.1,38.2,6.8,12.0
MEAS_R000039,C029,S01,39,39,33.2,38.1,9.3,13.0
MEAS_R000040,C029,S01,40,40,36.3,38.5,8.0,13.0
MEAS_R000041,C029,S01,41,41,33.6,38.5,8.8,14.0
MEAS_R000042,C029,S01,42,42,35.0,38.5,11.2,15.0
MEAS_R000043,C029,S01,43,43,33.2,38.5,9.0,19.0
MEAS_R000044,C029,S01,44,44,31.3,38.4,6.0,21.0
MEAS_R000045,C029,S01,45,45,32.1,38.4,5.4,22.0
MEAS_R000046,C029,S01,46,46,32.2,38.9,5.5,23.0
MEAS_R000047,C001,S01,47,47,29.8,38.0,5.4,0.0
MEAS_R000048,C001,S01,48,48,26.6,38.9,5.0,11.0
MEAS_R000049,C001,S01,49,49,33.1,39.2,6.1,11.0
MEAS_R000050,C001,S01,50,50,31.3,38.3,6.9,12.0
MEAS_R000051,C001,S01,51,51,31.9,38.0,6.8,12.0
MEAS_R000052,C001,S01,52,52,31.6,38.0,9.3,13.0
MEAS_R000053,C001,S01,53,53,33.3,38.2,8.0,13.0
MEAS_R000054,C001,S01,54,54,31.8,38.0,8.8,14.0
MEAS_R000055,C001,S01,55,55,32.0,38.4,9.1,15.0
MEAS_R000056,C001,S01,56,56,33.9,38.1,11.2,15.0
MEAS_R000057,C001,S01,57,57,30.5,38.2,9.0,19.0
MEAS_R000058,C001,S01,58,58,29.6,38.3,6.0,21.0
MEAS_R000059,C001,S01,59,59,30.6,38.1,5.4,22.0
MEAS_R000060,C001,S01,60,60,30.5,38.1,5.5,23.0
MEAS_R000061,C027,S01,61,61,29.5,38.9,5.4,0.0
MEAS_R000062,C027,S01,62,62,30.9,41.5,6.1,11.0
MEAS_R000063,C027,S01,63,63,31.5,38.7,5.0,11.0
MEAS_R000064,C027,S01,64,64,31.9,38.5,6.9,12.0
MEAS_R000065,C027,S01,65,65,31.1,38.6,8.0,13.0
MEAS_R000066,C027,S01,66,66,32.8,38.5,9.3,13.0
MEAS_R000067,C027,S01,67,67,33.8,38.6,8.8,14.0
MEAS_R000068,C027,S01,68,68,30.7,38.5,11.2,15.0
MEAS_R000069,C027,S01,69,69,33.9,38.5,9.1,15.0
MEAS_R000070,C027,S01,70,70,32.3,39.1,9.0,19.0
MEAS_R000071,C027,S01,71,71,32.5,39.1,6.0,21.0
MEAS_R000072,C027,S01,72,72,32.7,38.2,5.5,23.0
MEAS_R000073,C026,S01,73,73,28.6,38.3,5.4,0.0
MEAS_R000074,C026,S01,74,74,33.9,38.5,8.0,13.0
MEAS_R000075,C026,S01,75,75,33.9,38.6,11.2,15.0
MEAS_R000076,C026,S01,76,76,30.6,39.0,9.0,19.0
MEAS_R000077,C026,S01,77,77,30.7,39.1,6.0,21.0
MEAS_R000078,C026,S01,78,78,30.6,38.9,5.4,22.0
MEAS_R000079,C026,S01,79,79,30.7,38.6,5.5,23.0
MEAS_R000080,C016,S01,80,80,28.7,38.9,5.4,0.0
MEAS_R000081,C016,S01,81,81,31.8,39.2,6.1,11.0
MEAS_R000082,C016,S01,82,82,32.2,38.0,6.9,12.0
MEAS_R000083,C016,S01,83,83,31.9,38.1,9.3,13.0
MEAS_R000084,C016,S01,84,84,33.0,38.3,8.8,14.0
MEAS_R000085,C016,S01,85,85,33.2,38.7,9.1,15.0
MEAS_R000086,C016,S01,86,86,32.1,39.4,9.0,19.0
MEAS_R000087,C016,S01,87,87,31.1,38.6,6.0,21.0
MEAS_R000088,C016,S01,88,88,31.8,38.8,5.5,23.0
MEAS_R000089,C022,S01,89,89,25.4,38.1,5.4,0.0
MEAS_R000090,C022,S01,90,90,25.3,38.3,5.0,11.0
MEAS_R000091,C022,S01,91,91,32.2,38.1,6.1,11.0
MEAS_R000092,C022,S01,92,92,29.7,38.1,6.9,12.0
MEAS_R000093,C022,S01,93,93,32.8,38.7,6.8,12.0
MEAS_R000094,C022,S01,94,94,31.3,38.2,9.3,13.0
MEAS_R000095,C022,S01,95,95,32.5,38.7,8.0,13.0
MEAS_R000096,C022,S01,96,96,31.2,39.0,8.8,14.0
MEAS_R000097,C022,S01,97,97,32.3,39.5,9.1,15.0
MEAS_R000098,C022,S01,98,98,33.3,38.0,11.2,15.0
MEAS_R000099,C022,S01,99,99,32.9,38.3,9.0,19.0
MEAS_R000100,C022,S01,100,100,31.5,38.2,6.0,21.0
MEAS_R000101,C022,S01,101,101,31.1,38.2,5.4,22.0
MEAS_R000102,C022,S01,102,102,32.1,38.5,5.5,23.0
MEAS_R000103,C014,S01,103,103,28.2,38.5,5.4,0.0
MEAS_R000104,C014,S01,104,104,30.4,38.5,5.0,11.0
MEAS_R000105,C014,S01,105,105,31.0,38.0,6.1,11.0
MEAS_R000106,C014,S01,106,106,31.6,38.1,6.8,12.0
MEAS_R000107,C014,S01,107,107,32.0,38.2,6.9,12.0
MEAS_R000108,C014,S01,108,108,30.8,37.5,8.0,13.0
MEAS_R000109,C014,S01,109,109,32.7,38.1,9.3,13.0
MEAS_R000110,C014,S01,110,110,33.2,38.0,8.8,14.0
MEAS_R000111,C014,S01,111,111,33.5,38.0,11.2,15.0
MEAS_R000112,C014,S01,112,112,32.1,39.0,9.0,19.0
MEAS_R000113,C014,S01,113,113,31.2,39.2,6.0,21.0
MEAS_R000114,C014,S01,114,114,31.5,38.8,5.4,22.0
MEAS_R000115,C014,S01,115,115,31.0,38.4,5.5,23.0
MEAS_R000116,C023,S01,116,116,30.7,38.3,5.4,0.0
MEAS_R000117,C023,S01,117,117,30.4,38.3,5.0,11.0
MEAS_R000118,C023,S01,118,118,32.6,39.4,6.1,11.0
MEAS_R000119,C023,S01,119,119,31.7,39.2,6.9,12.0
MEAS_R000120,C023,S01,120,120,33.2,39.0,6.8,12.0
MEAS_R000121,C023,S01,121,121,32.8,38.8,9.3,13.0
MEAS_R000122,C023,S01,122,122,33.0,38.9,8.0,13.0
MEAS_R000123,C023,S01,123,123,33.7,38.6,8.8,14.0
MEAS_R000124,C023,S01,124,124,32.4,39.1,11.2,15.0
MEAS_R000125,C023,S01,125,125,35.3,39.0,9.1,15.0
MEAS_R000126,C023,S01,126,126,32.1,39.1,9.0,19.0
MEAS_R000127,C023,S01,127,127,33.5,39.9,6.0,21.0
MEAS_R000128,C023,S01,128,128,33.8,39.4,5.4,22.0
MEAS_R000129,C023,S01,129,129,33.3,39.3,5.5,23.0
MEAS_R000130,C011,S01,130,130,28.2,38.1,13.1,11.0
MEAS_R000131,C011,S01,131,131,30.2,38.0,16.0,12.0
MEAS_R000132,C011,S01,132,132,30.8,37.9,18.3,13.0
MEAS_R000133,C011,S01,133,133,31.9,38.1,20.8,14.0
MEAS_R000134,C011,S01,134,134,32.6,38.1,22.0,15.0
MEAS_R000135,C011,S01,135,135,30.2,38.4,13.4,21.0
MEAS_R000136,C011,S01,136,136,30.7,39.1,11.8,22.0
MEAS_R000137,C011,S01,137,137,30.6,38.2,10.9,23.0
MEAS_R000138,C011,S01,138,138,29.6,38.1,10.9,24.0
MEAS_R000139,C004,S01,139,139,28.8,37.8,7.9,1.0
MEAS_R000140,C004,S01,140,140,27.6,37.6,3.5,14.0
MEAS_R000141,C004,S01,141,141,32.4,37.5,4.6,12.0
MEAS_R000142,C004,S01,142,142,30.6,37.6,9.4,9.0
MEAS_R000143,C004,S01,143,143,32.3,37.6,5.3,11.0
MEAS_R000144,C004,S01,144,144,31.2,37.5,8.8,12.0
MEAS_R000145,C004,S01,145,145,32.9,37.6,5.5,10.0
MEAS_R000146,C004,S01,146,146,31.1,37.5,11.3,12.0
MEAS_R000147,C004,S01,147,147,31.0,37.5,8.6,13.0
MEAS_R000148,C004,S01,148,148,34.3,37.7,12.7,17.0
MEAS_R000149,C004,S01,149,149,30.1,37.7,9.5,22.0
MEAS_R000150,C004,S01,150,150,30.6,37.6,4.5,19.0
MEAS_R000151,C028,S01,151,151,34.5,40.3,29.7,23.0
MEAS_R000152,C028,S01,152,152,36.6,40.2,36.5,15.0
MEAS_R000153,C028,S01,153,153,37.6,40.2,35.5,13.0
MEAS_R000154,C028,S01,154,154,38.6,40.2,37.4,14.0
MEAS_R000155,C028,S01,155,155,37.7,39.8,40.4,13.0
MEAS_R000156,C028,S01,156,156,39.9,40.3,38.3,21.0
MEAS_R000157,C028,S01,157,157,38.4,40.1,38.5,20.0
MEAS_R000158,C028,S01,158,158,37.3,40.3,36.7,22.0
MEAS_R000159,C028,S01,159,159,36.8,40.1,36.2,17.0
MEAS_R000160,C028,S01,160,160,37.2,40.1,37.5,23.0
MEAS_R000161,C028,S01,161,161,38.6,40.2,37.3,0.0
MEAS_R000162,C028,S01,162,162,37.2,40.3,34.8,20.0
MEAS_R000163,C028,S01,163,163,35.4,40.3,33.2,1.0
MEAS_R000164,C008,S01,164,164,33.6,38.3,2.9,21.0
MEAS_R000165,C008,S01,165,165,31.2,38.2,4.6,14.0
MEAS_R000166,C008,S01,166,166,32.1,38.1,6.5,9.0
MEAS_R000167,C008,S01,167,167,33.2,38.1,8.4,11.0
MEAS_R000168,C008,S01,168,168,36.6,38.1,9.3,11.0
MEAS_R000169,C008,S01,169,169,33.3,38.1,5.5,11.0
MEAS_R000170,C008,S01,170,170,34.3,38.1,10.8,10.0
MEAS_R000171,C008,S01,171,171,35.5,38.2,11.3,16.0
MEAS_R000172,C008,S01,172,172,35.0,38.2,9.6,16.0
MEAS_R000173,C008,S01,173,173,34.4,38.2,7.5,17.0
MEAS_R000174,C008,S01,174,174,31.6,38.3,3.5,22.0
MEAS_R000175,C008,S01,175,175,33.6,38.2,7.9,1.0
MEAS_R000176,C030,S01,176,176,27.8,40.1,6.9,1.0
MEAS_R000177,C030,S01,177,177,30.0,40.2,2.5,14.0
MEAS_R000178,C030,S01,178,178,32.0,40.3,6.6,8.0
MEAS_R000179,C030,S01,179,179,30.6,40.3,4.3,9.0
MEAS_R000180,C030,S01,180,180,31.0,40.3,5.4,10.0
MEAS_R000181,C030,S01,181,181,30.4,40.3,10.5,10.0
MEAS_R000182,C030,S01,182,182,31.7,40.2,11.8,12.0
MEAS_R000183,C030,S01,183,183,34.2,40.2,8.3,16.0
MEAS_R000184,C030,S01,184,184,32.5,40.2,11.7,13.0
MEAS_R000185,C030,S01,185,185,32.8,40.2,8.5,18.0
MEAS_R000186,C030,S01,186,186,32.2,40.2,3.5,20.0
MEAS_R000187,C030,S01,187,187,32.2,40.2,7.9,21.0
MEAS_R000188,C030,S01,188,188,30.6,40.1,3.0,0.0
MEAS_R000189,C030,S01,189,189,27.8,40.2,6.9,21.0
MEAS_R000190,C018,S01,190,190,30.4,38.8,3.9,2.0
MEAS_R000191,C018,S01,191,191,32.3,38.8,6.6,9.0
MEAS_R000192,C018,S01,192,192,30.8,38.8,4.4,9.0
MEAS_R000193,C018,S01,193,193,32.6,38.8,5.3,9.0
MEAS_R000194,C018,S01,194,194,32.9,38.8,8.8,15.0
MEAS_R000195,C018,S01,195,195,32.9,38.8,6.5,11.0
MEAS_R000196,C018,S01,196,196,32.7,38.8,11.7,11.0
MEAS_R000197,C018,S01,197,197,34.9,38.8,13.7,18.0
MEAS_R000198,C018,S01,198,198,36.0,38.8,10.6,18.0
MEAS_R000199,C018,S01,199,199,31.0,38.8,7.5,16.0
MEAS_R000200,C018,S01,200,200,32.4,38.8,7.5,0.0
MEAS_R000201,C018,S01,201,201,34.1,38.8,4.0,0.0
MEAS_R000202,C025,S01,202,202,29.2,39.4,13.6,14.0
MEAS_R000203,C025,S01,203,203,29.5,39.5,16.5,10.0
MEAS_R000204,C025,S01,204,204,31.5,39.5,16.8,14.0
MEAS_R000205,C025,S01,205,205,31.2,39.4,21.3,15.0
MEAS_R000206,C025,S01,206,206,31.9,39.4,24.5,14.0
MEAS_R000207,C025,S01,207,207,29.8,39.4,14.9,23.0
MEAS_R000208,C025,S01,208,208,31.4,39.4,14.3,23.0
MEAS_R000209,C025,S01,209,209,31.3,39.5,12.4,1.0
MEAS_R000210,C025,S01,210,210,30.0,39.4,8.4,21.0
MEAS_R000211,C010,S01,211,211,35.0,38.7,28.5,2.0
MEAS_R000212,C010,S01,212,212,37.5,38.6,32.6,14.0
MEAS_R000213,C010,S01,213,213,37.8,38.7,34.3,13.0
MEAS_R000214,C010,S01,214,214,35.5,38.6,31.2,14.0
MEAS_R000215,C010,S01,215,215,38.4,38.7,33.8,11.0
MEAS_R000216,C010,S01,216,216,37.8,38.6,33.0,12.0
MEAS_R000217,C010,S01,217,217,39.6,38.7,36.7,12.0
MEAS_R000218,C010,S01,218,218,39.0,38.6,34.2,12.0
MEAS_R000219,C010,S01,219,219,38.5,38.7,37.4,18.0
MEAS_R000220,C010,S01,220,220,38.0,38.6,32.9,20.0
MEAS_R000221,C010,S01,221,221,37.2,38.6,33.7,18.0
MEAS_R000222,C010,S01,222,222,37.3,38.6,32.3,17.0
MEAS_R000223,C010,S01,223,223,37.3,38.7,31.9,20.0
MEAS_R000224,C010,S01,224,224,38.7,38.7,32.6,22.0
MEAS_R000225,C019,S01,225,225,31.5,39.5,25.1,23.0
MEAS_R000226,C019,S01,226,226,36.8,39.5,31.0,14.0
MEAS_R000227,C019,S01,227,227,36.8,39.4,36.9,17.0
MEAS_R000228,C019,S01,228,228,38.9,39.5,41.3,14.0
MEAS_R000229,C019,S01,229,229,35.4,39.4,34.3,16.0
MEAS_R000230,C019,S01,230,230,35.7,39.5,34.8,19.0
MEAS_R000231,C019,S01,231,231,37.1,39.6,30.5,0.0
MEAS_R000232,C019,S01,232,232,34.1,39.5,25.0,0.0
MEAS_R000233,C019,S01,233,233,35.6,39.5,31.1,2.0
MEAS_R000234,C019,S01,234,234,31.6,39.5,21.1,23.0
MEAS_R000235,C019,S01,235,235,35.4,39.5,34.0,16.0
MEAS_R000236,C019,S01,236,236,36.2,39.4,36.9,11.0
MEAS_R000237,C019,S01,237,237,39.7,39.5,36.3,16.0
MEAS_R000238,C005,S01,238,238,29.7,37.8,26.0,3.0
MEAS_R000239,C005,S01,239,239,34.1,37.8,33.9,11.0
MEAS_R000240,C005,S01,240,240,35.4,37.9,31.0,12.0
MEAS_R000241,C005,S01,241,241,36.0,37.8,31.3,15.0
MEAS_R000242,C005,S01,242,242,38.4,37.9,33.6,18.0
MEAS_R000243,C005,S01,243,243,39.1,37.8,35.0,14.0
MEAS_R000244,C005,S01,244,244,34.3,38.2,33.6,21.0
MEAS_R000245,C005,S01,245,245,36.8,38.0,31.9,17.0
MEAS_R000246,C005,S01,246,246,35.4,37.8,29.3,20.0
MEAS_R000247,C005,S01,247,247,34.6,38.2,31.0,19.0
MEAS_R000248,C005,S01,248,248,33.6,37.8,31.4,21.0
MEAS_R000249,C005,S01,249,249,34.1,38.0,32.1,1.0
MEAS_R000250,C005,S01,250,250,34.0,37.8,27.5,0.0
MEAS_R000251,C005,S01,251,251,32.4,37.8,27.2,1.0
MEAS_R000252,C017,S01,252,252,34.4,40.1,30.1,1.0
MEAS_R000253,C017,S01,253,253,31.5,38.9,30.0,12.0
MEAS_R000254,C017,S01,254,254,38.1,39.4,37.8,13.0
MEAS_R000255,C017,S01,255,255,36.1,39.2,33.9,14.0
MEAS_R000256,C017,S01,256,256,38.2,39.0,37.7,15.0
MEAS_R000257,C017,S01,257,257,36.6,39.3,34.5,18.0
MEAS_R000258,C017,S01,258,258,35.9,39.1,33.0,19.0
MEAS_R000259,C017,S01,259,259,36.7,39.6,34.5,19.0
MEAS_R000260,C017,S01,260,260,36.7,39.4,34.4,20.0
MEAS_R000261,C017,S01,261,261,35.5,39.9,33.1,21.0
MEAS_R000262,C017,S01,262,262,36.0,39.3,32.9,21.0
MEAS_R000263,C017,S01,263,263,36.6,39.4,33.9,21.0
MEAS_R000264,C017,S01,264,264,35.3,40.0,32.3,22.0
MEAS_R000265,C017,S01,265,265,36.2,39.5,32.9,22.0
MEAS_R000266,C017,S01,266,266,34.8,39.8,31.4,23.0
MEAS_R000267,C017,S01,267,267,35.7,39.4,31.9,23.0
MEAS_R000268,C020,S01,268,268,32.0,39.6,27.4,1.0
MEAS_R000269,C020,S01,269,269,35.9,38.6,33.4,12.0
MEAS_R000270,C020,S01,270,270,35.8,39.2,34.1,13.0
MEAS_R000271,C020,S01,271,271,36.2,38.8,33.7,13.0
MEAS_R000272,C020,S01,272,272,37.7,39.1,36.9,14.0
MEAS_R000273,C020,S01,273,273,36.6,39.1,35.0,15.0
MEAS_R000274,C020,S01,274,274,37.0,39.5,35.5,19.0
MEAS_R000275,C020,S01,275,275,37.1,40.2,35.5,19.0
MEAS_R000276,C020,S01,276,276,38.2,39.5,37.8,20.0
MEAS_R000277,C020,S01,277,277,35.0,39.6,33.2,21.0
MEAS_R000278,C020,S01,278,278,36.6,38.6,34.3,21.0
MEAS_R000279,C020,S01,279,279,37.3,40.4,35.6,21.0
MEAS_R000280,C020,S01,280,280,34.5,39.5,32.1,22.0
MEAS_R000281,C020,S01,281,281,37.0,40.2,35.2,22.0
MEAS_R000282,C020,S01,282,282,33.9,39.5,30.9,23.0
MEAS_R000283,C020,S01,283,283,36.2,40.2,33.9,23.0
MEAS_R000284,C009,S01,284,284,32.1,40.4,23.6,1.0
MEAS_R000285,C009,S01,285,285,36.1,39.3,32.5,13.0
MEAS_R000286,C009,S01,286,286,37.2,39.4,35.4,14.0
MEAS_R000287,C009,S01,287,287,39.3,39.5,38.8,15.0
MEAS_R000288,C009,S01,288,288,36.1,39.5,32.8,19.0
MEAS_R000289,C009,S01,289,289,36.4,40.5,32.3,21.0
MEAS_R000290,C009,S01,290,290,36.7,38.7,33.0,21.0
MEAS_R000291,C009,S01,291,291,33.4,40.8,26.5,23.0
MEAS_R000292,C009,S01,292,292,34.6,40.6,29.6,24.0
MEAS_R000293,C012,S01,293,293,34.1,40.3,30.2,1.0
MEAS_R000294,C012,S01,294,294,37.0,39.1,35.0,13.0
MEAS_R000295,C012,S01,295,295,36.6,39.0,35.0,14.0
MEAS_R000296,C012,S01,296,296,37.9,39.0,36.9,15.0
MEAS_R000297,C012,S01,297,297,38.4,39.7,37.9,15.0
MEAS_R000298,C012,S01,298,298,38.9,39.5,38.8,18.0
MEAS_R000299,C012,S01,299,299,37.4,39.5,36.0,19.0
MEAS_R000300,C012,S01,300,300,37.7,39.5,36.2,19.0
MEAS_R000301,C012,S01,301,301,37.5,39.8,35.7,20.0
MEAS_R000302,C012,S01,302,302,36.8,40.0,35.0,21.0
MEAS_R000303,C012,S01,303,303,38.2,39.4,36.8,21.0
MEAS_R000304,C012,S01,304,304,36.2,40.6,34.3,22.0
MEAS_R000305,C012,S01,305,305,35.0,40.5,32.7,23.0
MEAS_R000306,C006,S01,306,306,30.1,39.8,23.5,1.0
MEAS_R000307,C006,S01,307,307,35.1,38.5,31.4,13.0
MEAS_R000308,C006,S01,308,308,35.8,38.6,32.5,13.0
MEAS_R000309,C006,S01,309,309,35.3,39.3,31.8,14.0
MEAS_R000310,C006,S01,310,310,37.4,38.5,36.1,15.0
MEAS_R000311,C006,S01,311,311,38.1,39.7,36.5,15.0
MEAS_R000312,C006,S01,312,312,35.3,38.4,32.1,19.0
MEAS_R000313,C006,S01,313,313,36.4,38.9,33.4,19.0
MEAS_R000314,C006,S01,314,314,34.4,39.4,30.8,21.0
MEAS_R000315,C006,S01,315,315,35.3,38.5,31.5,21.0
MEAS_R000316,C006,S01,316,316,34.0,39.4,29.9,22.0
MEAS_R000317,C006,S01,317,317,35.1,39.9,30.6,22.0
MEAS_R000318,C006,S01,318,318,33.3,39.6,28.0,23.0
MEAS_R000319,C006,S01,319,319,32.8,40.0,27.7,24.0
MEAS_R000320,C015,S01,320,320,31.7,38.9,26.6,1.0
MEAS_R000321,C015,S01,321,321,34.7,38.2,32.0,12.0
MEAS_R000322,C015,S01,322,322,34.7,39.7,32.2,12.0
MEAS_R000323,C015,S01,323,323,34.6,38.2,32.1,13.0
MEAS_R000324,C015,S01,324,324,34.9,38.5,32.4,13.0
MEAS_R000325,C015,S01,325,325,36.6,38.3,35.5,14.0
MEAS_R000326,C015,S01,326,326,36.9,38.2,35.6,14.0
MEAS_R000327,C015,S01,327,327,36.5,38.2,34.8,15.0
MEAS_R000328,C015,S01,328,328,36.9,38.0,35.3,15.0
MEAS_R000329,C015,S01,329,329,35.8,39.2,33.3,18.0
MEAS_R000330,C015,S01,330,330,35.5,38.5,33.2,19.0
MEAS_R000331,C015,S01,331,331,35.5,39.0,33.1,19.0
MEAS_R000332,C015,S01,332,332,35.6,39.7,33.0,20.0
MEAS_R000333,C015,S01,333,333,34.6,40.0,30.4,21.0
MEAS_R000334,C015,S01,334,334,35.1,38.5,32.4,21.0
MEAS_R000335,C015,S01,335,335,34.2,38.4,30.8,22.0
MEAS_R000336,C015,S01,336,336,35.0,38.8,31.4,22.0
MEAS_R000337,C015,S01,337,337,33.8,39.1,29.5,23.0
MEAS_R000338,C007,S01,338,338,35.7,40.1,29.0,1.0
MEAS_R000339,C007,S01,339,339,36.5,38.4,32.1,12.0
MEAS_R000340,C007,S01,340,340,37.4,39.8,32.8,12.0
MEAS_R000341,C007,S01,341,341,36.5,38.5,31.7,13.0
MEAS_R000342,C007,S01,342,342,37.4,40.0,33.3,13.0
MEAS_R000343,C007,S01,343,343,37.1,39.3,33.5,14.0
MEAS_R000344,C007,S01,344,344,39.2,39.9,37.2,14.0
MEAS_R000345,C007,S01,345,345,38.3,39.7,35.7,15.0
MEAS_R000346,C007,S01,346,346,38.9,39.7,35.9,15.0
MEAS_R000347,C007,S01,347,347,37.6,39.5,33.4,18.0
MEAS_R000348,C007,S01,348,348,37.6,39.7,34.2,19.0
MEAS_R000349,C007,S01,349,349,36.9,39.6,33.8,20.0
MEAS_R000350,C007,S01,350,350,36.9,39.3,32.4,21.0
MEAS_R000351,C007,S01,351,351,37.7,40.7,33.1,21.0
MEAS_R000352,C007,S01,352,352,35.0,39.2,28.7,22.0
MEAS_R000353,C007,S01,353,353,35.2,39.4,30.1,22.0
MEAS_R000354,C007,S01,354,354,37.2,40.6,31.8,22.0
MEAS_R000355,C007,S01,355,355,34.9,38.3,27.6,23.0
MEAS_R000356,C007,S01,356,356,34.6,40.2,27.1,24.0
MEAS_R000357,C013,S01,357,357,29.3,39.3,20.6,1.0
MEAS_R000358,C013,S01,358,358,34.7,38.7,30.0,12.0
MEAS_R000359,C013,S01,359,359,35.2,38.6,30.9,13.0
MEAS_R000360,C013,S01,360,360,34.8,38.6,30.3,19.0
MEAS_R000361,C013,S01,361,361,35.8,39.3,32.1,19.0
MEAS_R000362,C013,S01,362,362,34.5,39.2,29.7,21.0
MEAS_R000363,C013,S01,363,363,34.8,38.5,29.8,21.0
MEAS_R000364,C013,S01,364,364,33.8,39.1,27.6,22.0
MEAS_R000365,C013,S01,365,365,33.0,39.1,25.7,23.0
MEAS_R000366,C013,S01,366,366,32.9,39.0,25.3,24.0
MEAS_R000367,C024,S01,367,367,36.1,38.0,34.0,12.0
MEAS_R000368,C024,S01,368,368,36.0,38.0,33.2,13.0
MEAS_R000369,C024,S01,369,369,36.9,38.6,34.5,13.0
MEAS_R000370,C024,S01,370,370,36.0,38.3,33.0,14.0
MEAS_R000371,C024,S01,371,371,37.1,38.3,35.1,14.0
MEAS_R000372,C024,S01,372,372,37.7,38.2,36.2,15.0
MEAS_R000373,C024,S01,373,373,38.2,38.4,37.2,15.0
MEAS_R000374,C024,S01,374,374,37.7,38.7,35.7,19.0
MEAS_R000375,C024,S01,375,375,36.7,38.2,33.9,20.0
MEAS_R000376,C024,S01,376,376,37.9,38.9,35.1,20.0
MEAS_R000377,C024,S01,377,377,35.4,40.4,31.9,21.0
MEAS_R000378,C024,S01,378,378,36.5,38.4,33.6,21.0
MEAS_R000379,C024,S01,379,379,38.1,39.2,35.1,21.0
MEAS_R000380,C024,S01,380,380,35.9,41.2,32.3,22.0
MEAS_R000381,C024,S01,381,381,36.3,38.5,33.3,22.0
MEAS_R000382,C024,S01,382,382,35.2,40.5,30.6,23.0
MEAS_R000383,C024,S01,383,383,34.0,40.2,28.8,24.0
MEAS_R000384,C001,S01,384,384,31.9,38.2,7.2,12.0
MEAS_R000385,C001,S01,385,385,30.7,38.3,11.2,16.0
MEAS_R000386,C001,S01,386,386,32.5,38.3,12.3,17.0
MEAS_R000387,C001,S01,387,387,35.3,38.2,14.4,14.0
MEAS_R000388,C002,S01,388,388,36.7,39.0,5.2,15.0
MEAS_R000389,C002,S01,389,389,34.2,39.0,4.8,12.0
MEAS_R000390,C002,S01,390,390,33.4,39.0,11.7,12.0
MEAS_R000391,C002,S01,391,391,34.8,39.0,8.0,13.0
MEAS_R000392,C003,S01,392,392,32.8,38.5,6.0,15.0
MEAS_R000393,C003,S01,393,393,34.1,38.6,10.9,11.0
MEAS_R000394,C003,S01,394,394,32.9,38.5,6.4,15.0
MEAS_R000395,C003,S01,395,395,32.0,38.5,8.0,12.0
MEAS_R000396,C003,S01,396,396,34.7,38.6,10.4,16.0
MEAS_R000397,C004,S01,397,397,29.6,37.6,4.9,23.0
MEAS_R000398,C004,S01,398,398,30.9,37.7,3.0,20.0
MEAS_R000399,C004,S01,399,399,28.8,37.7,2.9,23.0
MEAS_R000400,C004,S01,400,400,27.6,37.5,7.5,13.0
MEAS_R000401,C004,S01,401,401,32.1,37.6,7.6,8.0
MEAS_R000402,C005,S01,402,402,31.1,37.8,21.0,0.0
MEAS_R000403,C005,S01,403,403,35.8,37.7,28.9,15.0
MEAS_R000404,C005,S01,404,404,36.5,37.9,34.0,16.0
MEAS_R000405,C005,S01,405,405,36.3,37.7,32.3,17.0
MEAS_R000406,C006,S01,406,406,33.4,39.5,30.1,23.0
MEAS_R000407,C006,S01,407,407,29.3,39.6,25.1,4.0
MEAS_R000408,C006,S01,408,408,34.6,39.4,33.0,11.0
MEAS_R000409,C006,S01,409,409,34.7,38.7,33.3,15.0
MEAS_R000410,C008,S01,410,410,34.2,38.2,6.0,2.0
MEAS_R000411,C008,S01,411,411,33.9,38.2,7.9,1.0
MEAS_R000412,C008,S01,412,412,30.1,38.1,7.6,9.0
MEAS_R000413,C008,S01,413,413,33.5,38.1,7.5,10.0
MEAS_R000414,C008,S01,414,414,33.2,38.2,8.4,15.0
MEAS_R000415,C009,S01,415,415,35.9,39.7,33.8,18.0
MEAS_R000416,C009,S01,416,416,34.8,40.4,27.3,22.0
MEAS_R000417,C009,S01,417,417,35.7,40.4,32.0,2.0
MEAS_R000418,C009,S01,418,418,32.6,40.5,22.0,23.0
MEAS_R000419,C009,S01,419,419,35.6,39.6,31.7,16.0
MEAS_R000420,C009,S01,420,420,36.1,39.6,32.2,16.0
MEAS_R000421,C009,S01,421,421,39.8,39.5,40.4,18.0
MEAS_R000422,C009,S01,422,422,36.9,39.7,32.0,18.0
MEAS_R000423,C010,S01,423,423,34.0,38.7,28.2,21.0
MEAS_R000424,C010,S01,424,424,35.9,38.6,32.6,19.0
MEAS_R000425,C010,S01,425,425,36.2,38.8,31.3,21.0
MEAS_R000426,C010,S01,426,426,34.5,38.7,30.1,21.0
MEAS_R000427,C011,S01,427,427,31.2,38.3,14.2,1.0
MEAS_R000428,C011,S01,428,428,29.5,38.3,11.7,21.0
MEAS_R000429,C011,S01,429,429,31.1,38.4,8.5,23.0
MEAS_R000430,C011,S01,430,430,27.7,38.1,9.9,12.0
MEAS_R000431,C011,S01,431,431,29.1,38.2,16.8,11.0
MEAS_R000432,C011,S01,432,432,30.0,38.2,19.1,10.0
MEAS_R000433,C011,S01,433,433,30.8,38.1,20.0,15.0
MEAS_R000434,C011,S01,434,434,34.0,38.1,24.4,14.0
MEAS_R000435,C012,S01,435,435,37.1,39.5,35.2,20.0
MEAS_R000436,C012,S01,436,436,35.7,40.2,31.9,19.0
MEAS_R000437,C012,S01,437,437,35.5,40.3,35.9,20.0
MEAS_R000438,C012,S01,438,438,32.7,40.4,27.0,23.0
MEAS_R000439,C013,S01,439,439,35.3,39.0,30.5,18.0
MEAS_R000440,C013,S01,440,440,34.0,39.1,31.3,22.0
MEAS_R000441,C013,S01,441,441,35.3,38.7,31.4,22.0
MEAS_R000442,C013,S01,442,442,34.6,39.1,29.2,21.0
MEAS_R000443,C013,S01,443,443,34.4,39.1,24.9,2.0
MEAS_R000444,C013,S01,444,444,34.1,39.1,22.9,22.0
MEAS_R000445,C013,S01,445,445,28.5,39.1,18.2,4.0
MEAS_R000446,C014,S01,446,446,29.6,38.0,8.2,13.0
MEAS_R000447,C014,S01,447,447,30.5,38.3,7.7,9.0
MEAS_R000448,C014,S01,448,448,33.0,38.3,3.6,10.0
MEAS_R000449,C014,S01,449,449,32.8,38.3,6.1,10.0
MEAS_R000450,C016,S01,450,450,34.3,38.6,9.9,16.0
MEAS_R000451,C016,S01,451,451,33.5,38.7,5.8,17.0
MEAS_R000452,C016,S01,452,452,30.6,38.7,2.8,0.0
MEAS_R000453,C016,S01,453,453,31.0,38.8,2.3,20.0
MEAS_R000454,C016,S01,454,454,27.6,38.7,7.0,23.0
MEAS_R000455,C016,S01,455,455,31.0,38.7,4.5,9.0
MEAS_R000456,C016,S01,456,456,31.1,38.8,4.5,9.0
MEAS_R000457,C016,S01,457,457,30.8,38.6,11.7,12.0
MEAS_R000458,C017,S01,458,458,35.0,39.0,36.3,15.0
MEAS_R000459,C017,S01,459,459,39.3,39.4,40.9,16.0
MEAS_R000460,C018,S01,460,460,30.7,38.8,2.9,3.0
MEAS_R000461,C018,S01,461,461,32.7,38.8,4.6,9.0
MEAS_R000462,C018,S01,462,462,32.5,38.8,5.4,14.0
MEAS_R000463,C018,S01,463,463,34.0,38.8,6.3,15.0
MEAS_R000464,C018,S01,464,464,33.0,38.8,8.8,15.0
MEAS_R000465,C019,S01,465,465,36.8,39.4,31.3,21.0
MEAS_R000466,C019,S01,466,466,35.4,39.5,30.8,22.0
MEAS_R000467,C019,S01,467,467,37.4,39.5,32.5,23.0
MEAS_R000468,C019,S01,468,468,34.4,39.5,29.0,20.0
MEAS_R000469,C020,S01,469,469,38.4,40.2,32.0,21.0
MEAS_R000470,C020,S01,470,470,32.8,39.6,33.3,2.0
MEAS_R000471,C021,S01,471,471,30.7,38.3,9.4,1.0
MEAS_R000472,C021,S01,472,472,30.0,38.3,7.7,21.0
MEAS_R000473,C021,S01,473,473,27.2,38.3,10.1,1.0
MEAS_R000474,C021,S01,474,474,31.1,38.2,12.3,12.0
MEAS_R000475,C021,S01,475,475,31.6,38.2,12.8,13.0
MEAS_R000476,C021,S01,476,476,32.9,38.3,15.1,11.0
MEAS_R000477,C021,S01,477,477,31.8,38.2,23.2,12.0
MEAS_R000478,C021,S01,478,478,32.0,38.2,18.8,13.0
MEAS_R000479,C022,S01,479,479,32.5,38.4,8.6,21.0
MEAS_R000480,C022,S01,480,480,30.7,38.4,2.3,21.0
MEAS_R000481,C022,S01,481,481,25.5,38.4,4.6,22.0
MEAS_R000482,C023,S01,482,482,33.8,38.9,12.0,17.0
MEAS_R000483,C023,S01,483,483,36.7,38.9,8.3,13.0
MEAS_R000484,C023,S01,484,484,31.6,39.1,9.8,20.0
MEAS_R000485,C024,S01,485,485,38.4,39.0,35.9,21.0
MEAS_R000486,C025,S01,486,486,27.5,39.4,12.6,10.0
MEAS_R000487,C025,S01,487,487,29.8,39.4,14.5,15.0
MEAS_R000488,C025,S01,488,488,31.5,39.4,15.8,12.0
MEAS_R000489,C025,S01,489,489,30.9,39.4,22.3,11.0
MEAS_R000490,C025,S01,490,490,31.6,39.3,20.5,18.0
MEAS_R000491,C025,S01,491,491,30.9,39.5,10.9,19.0
MEAS_R000492,C025,S01,492,492,31.1,39.5,11.3,19.0
MEAS_R000493,C025,S01,493,493,31.4,39.4,11.4,1.0
MEAS_R000494,C026,S01,494,494,32.1,38.6,3.1,1.0
MEAS_R000495,C026,S01,495,495,27.8,38.7,8.6,22.0
MEAS_R000496,C026,S01,496,496,35.0,38.7,10.4,10.0
MEAS_R000497,C026,S01,497,497,32.5,38.7,14.4,16.0
MEAS_R000498,C026,S01,498,498,31.4,38.7,8.2,17.0
MEAS_R000499,C026,S01,499,499,29.3,38.7,6.8,22.0
MEAS_R000500,C026,S01,500,500,31.5,38.6,6.2,0.0
MEAS_R000501,C026,S01,501,501,31.2,38.6,8.7,1.0
MEAS_R000502,C026,S01,502,502,28.1,38.7,7.8,3.0
MEAS_R000503,C026,S01,503,503,34.4,38.6,9.6,14.0
MEAS_R000504,C027,S01,504,504,31.6,39.0,8.7,2.0
MEAS_R000505,C027,S01,505,505,30.9,39.0,3.8,1.0
MEAS_R000506,C027,S01,506,506,30.1,38.6,7.7,12.0
MEAS_R000507,C027,S01,507,507,32.3,39.8,3.4,10.0
MEAS_R000508,C027,S01,508,508,30.5,38.8,6.1,13.0
MEAS_R000509,C028,S01,509,509,33.4,40.3,28.7,3.0
MEAS_R000510,C028,S01,510,510,36.6,40.2,37.5,11.0
MEAS_R000511,C028,S01,511,511,35.9,40.2,37.5,16.0
MEAS_R000512,C028,S01,512,512,37.5,40.2,38.4,17.0
MEAS_R000513,C029,S01,513,513,34.2,38.3,5.2,14.0
MEAS_R000514,C029,S01,514,514,34.6,38.4,10.9,16.0
MEAS_R000515,C029,S01,515,515,36.8,38.3,6.4,11.0
MEAS_R000516,C029,S01,516,516,35.0,38.3,6.4,13.0
MEAS_R000517,C029,S01,517,517,36.1,38.3,8.8,14.0
MEAS_R000518,C030,S01,518,518,30.0,40.3,6.5,9.0
MEAS_R000519,C030,S01,519,519,30.6,40.2,5.6,13.0
MEAS_R000520,C030,S01,520,520,32.3,40.3,8.3,10.0
