RecordID,RowID,FoldID,CowKey,Source,Actual,Reproduced_Without_C_AB_C,Predicted_Without_C_AB_C,PredictionDifference_C
TEMP_R000001,1,4,C021,S03,38.3,38.10885504510242,38.10885504414807,9.543512646814634e-10
TEMP_R000002,2,1,C021,S03,38.3,38.00929457808067,38.00929457878984,-7.091713882800832e-10
TEMP_R000003,3,3,C021,S03,38.2,38.12740185379517,38.127401853593724,2.01445971015346e-10
TEMP_R000004,4,3,C021,S03,38.4,38.13239881054071,38.13239881033921,2.014957090068492e-10
TEMP_R000005,5,2,C021,S03,38.1,38.154868991182305,38.15486899141513,-2.3282353822651203e-10
TEMP_R000006,6,1,C021,S03,38.3,38.03963983309397,38.03963983380383,-7.098606147337705e-10
TEMP_R000007,7,2,C021,S03,38.3,38.31204468349818,38.31204468373143,-2.332498638679681e-10
TEMP_R000008,8,4,C021,S03,38.2,38.24259705966358,38.24259705870749,9.560920943840756e-10
TEMP_R000009,9,5,C021,S03,38.0,38.30849734796348,38.30849734585954,2.1039383568677295e-09
TEMP_R000015,15,4,C003,S03,39.0,38.92955461273799,38.92955461178509,9.528946520731552e-10
TEMP_R000016,16,5,C003,S03,39.0,38.90805000334913,38.90805000121563,2.1335040401027072e-09
TEMP_R000017,17,4,C003,S03,38.8,38.79478683064955,38.79478682969659,9.529586009193736e-10
TEMP_R000018,18,5,C003,S03,38.8,38.78784728866804,38.787847286539794,2.1282460238580825e-09
TEMP_R000019,19,1,C003,S03,38.7,38.70299282555174,38.70299282627578,-7.240430477395421e-10
TEMP_R000020,20,5,C003,S03,38.7,38.65565039950313,38.6556503973824,2.1207284817137406e-09
TEMP_R000021,21,1,C003,S03,38.4,38.42804975463833,38.428049755356525,-7.181952810242365e-10
TEMP_R000022,22,1,C003,S03,38.4,38.42782912607083,38.42782912678892,-7.180886996138724e-10
TEMP_R000023,23,2,C003,S03,38.5,38.491285190736036,38.49128519098183,-2.4579094315413386e-10
TEMP_R000024,24,3,C003,S03,38.5,38.50191397106359,38.50191397085796,2.056239623016154e-10
TEMP_R000025,25,2,C003,S03,38.4,38.4144056094952,38.41440560973967,-2.4446933366562007e-10
TEMP_R000026,26,5,C003,S03,38.4,38.40717498742441,38.40717498531456,2.1098500724292535e-09
TEMP_R000027,27,3,C003,S03,38.5,38.331097536290734,38.33109753608704,2.0369128606034792e-10
TEMP_R000028,28,3,C003,S03,38.5,38.3313938135457,38.331393813342,2.0370549691506312e-10
TEMP_R000029,29,1,C003,S03,38.3,38.251051219360484,38.25105122007368,-7.131930601644854e-10
TEMP_R000030,30,2,C003,S03,38.3,38.34187695927946,38.34187695951995,-2.404902943453635e-10
TEMP_R000031,31,3,C003,S03,38.5,38.51426413416852,38.5142641339628,2.057234382846218e-10
TEMP_R000032,32,2,C003,S03,38.5,38.52778307496865,38.527783075216405,-2.4775204110483173e-10
TEMP_R000033,33,3,C003,S03,39.0,38.96607407279803,38.96607407258709,2.1093882196510094e-10
TEMP_R000034,34,4,C003,S03,39.0,38.93739035483817,38.93739035388589,9.522835853204015e-10
TEMP_R000035,35,4,C003,S03,38.6,38.44879564896059,38.44879564800567,9.549196988700714e-10
TEMP_R000036,36,4,C003,S03,38.6,38.40982809978665,38.40982809883237,9.542802104078874e-10
TEMP_R000037,37,2,C003,S03,38.0,38.13127283334154,38.13127283357815,-2.3661073100811336e-10
TEMP_R000038,38,1,C003,S03,38.0,38.08982823379711,38.08982823450816,-7.110543265298475e-10
TEMP_R000039,39,4,C002,S03,38.2,38.268731040060125,38.268731039102605,9.575202852829534e-10
TEMP_R000040,40,3,C002,S03,38.2,38.30232485132275,38.30232485111959,2.0315837900852785e-10
TEMP_R000041,41,3,C002,S03,39.5,39.4995159150063,39.499515914789576,2.1672263983418816e-10
TEMP_R000042,42,2,C002,S03,39.5,39.46208534142113,39.46208534169598,-2.7485214104672195e-10
TEMP_R000043,43,1,C002,S03,39.1,39.11635602822906,39.11635602896229,-7.332232598855626e-10
TEMP_R000044,44,3,C002,S03,39.1,39.09855747133217,39.098557471119975,2.1219648260739632e-10
TEMP_R000045,45,5,C002,S03,38.5,38.6164259837189,38.61642598159189,2.12700967949786e-09
TEMP_R000046,46,4,C002,S03,38.5,38.591322940564766,38.59132293960962,9.551470725455147e-10
TEMP_R000047,47,1,C002,S03,39.3,39.27769532270334,39.27769532343986,-7.365201781794894e-10
TEMP_R000048,48,4,C002,S03,39.3,39.26119174526079,39.26119174430704,9.537473033560673e-10
TEMP_R000049,49,3,C002,S03,39.2,39.18164215072038,39.18164215050716,2.1321966414689086e-10
TEMP_R000050,50,1,C002,S03,39.2,39.20667725090579,39.206677251641,-7.352056741183333e-10
TEMP_R000051,51,5,C002,S03,38.8,38.85098992549915,38.85098992336027,2.138882848612411e-09
TEMP_R000052,52,2,C002,S03,38.8,38.82389291500875,38.82389291526541,-2.566622470112634e-10
TEMP_R000053,53,2,C002,S03,39.0,39.01157734663716,39.01157734690032,-2.631566076161107e-10
TEMP_R000054,54,1,C002,S03,39.0,39.01218054188621,39.01218054261709,-7.308784688575543e-10
TEMP_R000055,55,2,C002,S03,38.9,38.95179232869333,38.95179232895268,-2.5934809855243657e-10
TEMP_R000056,56,3,C002,S03,38.9,38.917314213750544,38.917314213540365,2.1017854123783763e-10
TEMP_R000057,57,1,C002,S03,40.0,40.019663047987905,40.0196630487403,-7.523937028963701e-10
TEMP_R000058,58,5,C002,S03,40.0,39.947531605487086,39.94753160329456,2.1925288251622987e-09
TEMP_R000059,59,4,C002,S03,39.7,39.796387055021015,39.796387054070536,9.504788067715708e-10
TEMP_R000060,60,4,C002,S03,39.7,39.76000181767745,39.760001816725776,9.516725185676478e-10
TEMP_R000061,61,2,C002,S03,39.6,39.592352823214384,39.59235282349736,-2.829736445164599e-10
TEMP_R000062,62,5,C002,S03,39.6,39.581456990103,39.58145698792717,2.1758310708719364e-09
TEMP_R000063,63,1,C002,S03,39.2,39.265393839739986,39.26539384047648,-7.36491756470059e-10
TEMP_R000064,64,5,C002,S03,39.2,39.23246134862007,39.232461346460575,2.1594956933768117e-09
TEMP_R000065,65,1,C029,S03,38.1,38.11267148338467,38.11267148409608,-7.114095978977275e-10
TEMP_R000066,66,3,C029,S03,38.1,38.13074151072044,38.13074151051902,2.014175493059156e-10
TEMP_R000067,67,3,C029,S03,38.1,38.15604997921401,38.15604997901231,2.0170176640021964e-10
TEMP_R000068,68,5,C029,S03,38.1,38.17673805221031,38.17673805010757,2.102737539644295e-09
TEMP_R000069,69,5,C029,S03,38.0,38.04928604170797,38.049286039615005,2.0929675770275935e-09
TEMP_R000070,70,4,C029,S03,38.0,38.02618779363285,38.02618779267704,9.558078772897716e-10
TEMP_R000071,71,2,C029,S03,38.2,38.182308594227194,38.18230859446474,-2.375486474193167e-10
TEMP_R000072,72,5,C029,S03,38.2,38.20873743891785,38.20873743681448,2.1033699226791214e-09
TEMP_R000073,73,4,C029,S03,38.1,38.112545195179166,38.11254519422377,9.553957625030307e-10
TEMP_R000074,74,2,C029,S03,38.1,38.13816954938859,38.13816954962121,-2.326174808331416e-10
TEMP_R000075,75,1,C029,S03,38.5,38.87017069874103,38.87017069946895,-7.279226110767922e-10
TEMP_R000076,76,1,C029,S03,38.5,38.879181333172575,38.87918133390066,-7.280860359060171e-10
TEMP_R000077,77,2,C029,S03,38.5,38.454401760216584,38.45440176045882,-2.4223822947533336e-10
TEMP_R000078,78,3,C029,S03,38.5,38.4747778660606,38.474777865855216,2.0538237777145696e-10
TEMP_R000079,79,1,C029,S03,38.5,38.450388865965195,38.45038886668367,-7.184723926911829e-10
TEMP_R000080,80,4,C029,S03,38.5,38.45439180958648,38.45439180863164,9.548415391691378e-10
TEMP_R000081,81,3,C029,S03,38.5,38.52918155866563,38.52918155845976,2.0586554683177383e-10
TEMP_R000082,82,2,C029,S03,38.5,38.536288815052096,38.53628881530159,-2.49492870807444e-10
TEMP_R000083,83,2,C029,S03,38.4,38.487643121388075,38.487643121631926,-2.438511614855088e-10
TEMP_R000084,84,4,C029,S03,38.4,38.43456035091958,38.43456034996424,9.553460245115275e-10
TEMP_R000085,85,4,C029,S03,38.4,38.44713464966313,38.44713464870879,9.543370538267482e-10
TEMP_R000086,86,1,C029,S03,38.4,38.4382073658451,38.43820736656326,-7.181597538874485e-10
TEMP_R000087,87,5,C029,S03,38.9,38.78712415972495,38.78712415759435,2.1305979203134484e-09
TEMP_R000088,88,3,C029,S03,38.9,38.837789292496396,38.83778929228701,2.0938273337378632e-10
TEMP_R000089,89,4,C001,S03,38.0,38.0051263277837,38.005126326827394,9.563052572048036e-10
TEMP_R000090,90,2,C001,S03,38.0,38.03146963173923,38.031469631970936,-2.3170798613136867e-10
TEMP_R000091,91,1,C001,S03,38.9,38.89262381247492,38.89262381320266,-7.277378699654946e-10
TEMP_R000092,92,5,C001,S03,38.9,38.88561919092059,38.88561918879182,2.128771825482545e-09
TEMP_R000093,93,4,C001,S03,39.2,39.12888034941986,39.12888034846769,9.521698984826799e-10
TEMP_R000094,94,2,C001,S03,39.2,39.03974978498381,39.03974978524509,-2.6128077479370404e-10
TEMP_R000095,95,2,C001,S03,38.3,38.290673004393206,38.290673004633135,-2.3992896558411303e-10
TEMP_R000096,96,3,C001,S03,38.3,38.30800776272147,38.30800776251805,2.0342127982075908e-10
TEMP_R000097,97,4,C001,S03,38.0,38.043429476390365,38.043429475434834,9.555307656228251e-10
TEMP_R000098,98,3,C001,S03,38.0,38.057659787773936,38.05765978757334,2.0059331973243388e-10
TEMP_R000099,99,3,C001,S03,38.0,38.041835081022555,38.04183508082217,2.0038726233906345e-10
TEMP_R000100,100,5,C001,S03,38.0,38.0210271271383,38.021027125044384,2.0939125988661544e-09
TEMP_R000101,101,5,C001,S03,38.2,38.206559540896535,38.20655953879314,2.1033983443885518e-09
TEMP_R000102,102,1,C001,S03,38.2,38.201781670443175,38.201781671156624,-7.13448855549359e-10
TEMP_R000103,103,1,C001,S03,38.0,38.04198083976647,38.04198084047623,-7.097611387507641e-10
TEMP_R000104,104,4,C001,S03,38.0,38.046298189239565,38.04629818828377,9.557936664350564e-10
TEMP_R000105,105,5,C001,S03,38.4,38.39697123467376,38.39697123256123,2.112528818543069e-09
TEMP_R000106,106,2,C001,S03,38.4,38.36974701801227,38.36974701825442,-2.4215296434704214e-10
TEMP_R000107,107,4,C001,S03,38.1,38.24264674279825,38.24264674184205,9.561986757944396e-10
TEMP_R000108,108,5,C001,S03,38.1,38.275772291379596,38.27577228927329,2.1063044641778106e-09
TEMP_R000109,109,1,C001,S03,38.2,38.234137911934155,38.2341379126481,-7.139462354643911e-10
TEMP_R000110,110,2,C001,S03,38.2,38.21009783349459,38.21009783373263,-2.3803892190699116e-10
TEMP_R000111,111,3,C001,S03,38.3,38.296143420465,38.2961434202617,2.0330048755567987e-10
TEMP_R000112,112,3,C001,S03,38.3,38.293232061125565,38.29323206092229,2.0327206584624946e-10
TEMP_R000113,113,1,C001,S03,38.1,38.105339462342414,38.10533946305376,-7.113456490515091e-10
TEMP_R000114,114,2,C001,S03,38.1,38.10680951672547,38.106809516961285,-2.3581492314406205e-10
TEMP_R000115,115,1,C001,S03,38.1,38.08710820012581,38.08710820083692,-7.111111699487083e-10
TEMP_R000116,116,3,C001,S03,38.1,38.106186174372986,38.10618617417181,2.0117596477575717e-10
TEMP_R000117,117,1,C027,S03,38.9,38.90684854451899,38.906848545247016,-7.280220870597987e-10
TEMP_R000118,118,3,C027,S03,38.9,38.90659933164054,38.906599331430336,2.1020696294726804e-10
TEMP_R000119,119,4,C027,S03,41.5,41.238333128997894,41.23833312805373,9.441620818506635e-10
TEMP_R000120,120,2,C027,S03,41.5,40.93806564109792,40.93806564141824,-3.2031977070801076e-10
TEMP_R000121,121,5,C027,S03,38.7,38.81191465781178,38.811914655674045,2.1377388748078374e-09
TEMP_R000122,122,2,C027,S03,38.7,38.76493777254924,38.76493777279889,-2.496491902093112e-10
TEMP_R000123,123,4,C027,S03,38.5,38.103000545138975,38.10300054418362,9.553531299388851e-10
TEMP_R000124,124,4,C027,S03,38.5,38.164324327659116,38.16432432670271,9.5640473318781e-10
TEMP_R000125,125,3,C027,S03,38.6,38.649667312430374,38.64966731222334,2.070308369184204e-10
TEMP_R000126,126,3,C027,S03,38.6,38.63890843545385,38.63890843524685,2.0700241520899e-10
TEMP_R000127,127,3,C027,S03,38.5,38.68983831928237,38.68983831907537,2.0700241520899e-10
TEMP_R000128,128,4,C027,S03,38.5,38.55356541405337,38.55356541309707,9.56298151777446e-10
TEMP_R000129,129,2,C027,S03,38.6,38.63963862482008,38.6396386250759,-2.5581670115570887e-10
TEMP_R000130,130,5,C027,S03,38.6,38.65375136005818,38.653751357925344,2.1328361299310927e-09
TEMP_R000131,131,1,C027,S03,38.5,38.57256435918465,38.572564359906025,-7.213714070530841e-10
TEMP_R000132,132,2,C027,S03,38.5,38.50592607311911,38.50592607336368,-2.445688096486265e-10
TEMP_R000133,133,3,C027,S03,38.5,38.58579837702348,38.58579837681704,2.064410864477395e-10
TEMP_R000134,134,5,C027,S03,38.5,38.61865723781482,38.61865723568357,2.1312516196303477e-09
TEMP_R000135,135,1,C027,S03,39.1,39.10449468503883,39.10449468577124,-7.324132411667961e-10
TEMP_R000136,136,1,C027,S03,39.1,39.0662230057148,39.06622300644644,-7.316458550121752e-10
TEMP_R000137,137,5,C027,S03,39.1,39.08641182574516,39.086411823602575,2.1425847762657213e-09
TEMP_R000138,138,1,C027,S03,39.1,39.05734367469768,39.05734367542932,-7.316458550121752e-10
TEMP_R000139,139,4,C027,S03,38.2,38.302865769941214,38.30286576898456,9.56653423145326e-10
TEMP_R000140,140,2,C027,S03,38.2,38.3329934234789,38.332993423725526,-2.466293835823308e-10
TEMP_R000141,141,5,C026,S03,38.3,38.34771644168844,38.34771643957701,2.111427477302641e-09
TEMP_R000142,142,4,C026,S03,38.3,38.326632234701904,38.326632233746025,9.558789315633476e-10
TEMP_R000143,143,1,C026,S03,38.5,38.54315080284633,38.54315080356664,-7.203126983768016e-10
TEMP_R000144,144,2,C026,S03,38.5,38.52212060271436,38.522120602962325,-2.4796520392555976e-10
TEMP_R000145,145,3,C026,S03,38.6,38.33821462067222,38.33821462046843,2.0379076204335433e-10
TEMP_R000146,146,5,C026,S03,38.6,38.36010383850274,38.36010383639484,2.1078960799059132e-09
TEMP_R000147,147,4,C026,S03,39.0,38.403420033457394,38.40342003250414,9.532570288683928e-10
TEMP_R000148,148,4,C026,S03,39.0,38.37258802766446,38.372588026710034,9.54429424382397e-10
TEMP_R000149,149,3,C026,S03,39.1,39.086436699900624,39.08643669968845,2.1217516632532352e-10
TEMP_R000150,150,2,C026,S03,39.1,39.0848917008753,39.08489170113983,-2.645279550961277e-10
TEMP_R000151,151,1,C026,S03,38.9,38.2176931749171,38.21769317563074,-7.136407020880142e-10
TEMP_R000152,152,1,C026,S03,38.9,38.21758012280821,38.217580123521856,-7.136478075153718e-10
TEMP_R000153,153,2,C026,S03,38.6,38.64280452107079,38.64280452132488,-2.5409008230781183e-10
TEMP_R000154,154,3,C026,S03,38.6,38.629998725066685,38.62999872485973,2.0695267721748678e-10
TEMP_R000155,155,4,C016,S03,38.9,38.87478113744025,38.87478113648701,9.532428180136776e-10
TEMP_R000156,156,2,C016,S03,38.9,38.8469896305584,38.84698963081412,-2.5572433060006006e-10
TEMP_R000157,157,1,C016,S03,39.2,39.1820707011675,39.18207070190102,-7.335216878345818e-10
TEMP_R000158,158,3,C016,S03,39.2,39.13553404069856,39.135534040485744,2.128146547875076e-10
TEMP_R000159,159,2,C016,S03,38.0,38.11545567157619,38.11545567181086,-2.346638439121307e-10
TEMP_R000160,160,5,C016,S03,38.0,38.094281591979765,38.09428158988131,2.0984529669476615e-09
TEMP_R000161,161,3,C016,S03,38.1,38.0704706350855,38.0704706348848,2.006999011427979e-10
TEMP_R000162,162,3,C016,S03,38.1,38.06400128553483,38.06400128533413,2.006999011427979e-10
TEMP_R000163,163,4,C016,S03,38.3,38.33655666785421,38.336556666899,9.55211021391733e-10
TEMP_R000164,164,2,C016,S03,38.3,38.34624551291697,38.346245513159054,-2.4208191007346613e-10
TEMP_R000165,165,4,C016,S03,38.7,38.67231209497399,38.67231209401972,9.542659995531722e-10
TEMP_R000166,166,1,C016,S03,38.7,38.669180711777784,38.66918071250099,-7.232046073113452e-10
TEMP_R000167,167,2,C016,S03,39.4,39.189845475845786,39.18984547609483,-2.490452288839151e-10
TEMP_R000168,168,3,C016,S03,39.4,39.33006512034343,39.3300651201285,2.149249667127151e-10
TEMP_R000169,169,1,C016,S03,38.6,38.72014027714765,38.72014027787168,-7.240288368848269e-10
TEMP_R000170,170,5,C016,S03,38.6,38.69195662646248,38.69195662432948,2.1329995547603176e-09
TEMP_R000171,171,1,C016,S03,38.8,38.815040582844176,38.815040583570905,-7.267288992807153e-10
TEMP_R000172,172,5,C016,S03,38.8,38.816334515297385,38.81633451315922,2.1381652004492935e-09
TEMP_R000173,173,4,C022,S03,38.1,38.0976931424453,38.097693141489394,9.55907353272778e-10
TEMP_R000174,174,2,C022,S03,38.1,38.12108640390329,38.12108640413834,-2.3504753698944114e-10
TEMP_R000175,175,5,C022,S03,38.3,38.336723054071726,38.33672305195901,2.1127135596543667e-09
TEMP_R000176,176,1,C022,S03,38.3,38.339717672125,38.33971767284174,-7.167457738432859e-10
TEMP_R000177,177,4,C022,S03,38.1,38.23216699933496,38.23216699838007,9.548841717332834e-10
TEMP_R000178,178,4,C022,S03,38.1,38.25980478335616,38.25980478240195,9.542091561343113e-10
TEMP_R000179,179,2,C022,S03,38.1,38.17073481073439,38.17073481097104,-2.3665336357225897e-10
TEMP_R000180,180,1,C022,S03,38.1,38.15947812637207,38.15947812708459,-7.125180445655133e-10
TEMP_R000181,181,3,C022,S03,38.7,38.080869317263804,38.08086931706292,2.0088464225409552e-10
TEMP_R000182,182,3,C022,S03,38.7,38.08149828664743,38.08149828644658,2.0084911511730752e-10
TEMP_R000183,183,3,C022,S03,38.2,38.597078061103105,38.59707806089642,2.0668267097789794e-10
TEMP_R000184,184,3,C022,S03,38.2,38.609447600194855,38.60944759998805,2.0680346324297716e-10
TEMP_R000185,185,1,C022,S03,38.7,38.67018754854813,38.67018754927138,-7.232543453028484e-10
TEMP_R000186,186,5,C022,S03,38.7,38.674816510022595,38.67481650789728,2.1253114823593933e-09
TEMP_R000187,187,4,C022,S03,39.0,38.909433774750255,38.90943377379631,9.539462553220801e-10
TEMP_R000188,188,2,C022,S03,39.0,38.84772712129619,38.847727121551,-2.5481483589828713e-10
TEMP_R000189,189,1,C022,S03,39.5,39.36063533004712,39.360635330785385,-7.382681133094593e-10
TEMP_R000190,190,2,C022,S03,39.5,39.258608372763774,39.25860837303384,-2.700630830076989e-10
TEMP_R000191,191,1,C022,S03,38.0,38.04497346628655,38.0449734669964,-7.098535093064129e-10
TEMP_R000192,192,3,C022,S03,38.0,38.087846281809476,38.087846281608535,2.0094148567295633e-10
TEMP_R000193,193,5,C022,S03,38.3,38.34623057781101,38.34623057570119,2.109821650719823e-09
TEMP_R000194,194,1,C022,S03,38.3,38.32539463602201,38.32539463673797,-7.159570714065921e-10
TEMP_R000195,195,4,C022,S03,38.2,38.25849061849526,38.25849061754073,9.545289003654034e-10
TEMP_R000196,196,3,C022,S03,38.2,38.23944511209676,38.23944511189413,2.0263257738406537e-10
TEMP_R000197,197,5,C022,S03,38.2,38.21199871316156,38.211998711056296,2.105267071783601e-09
TEMP_R000198,198,2,C022,S03,38.2,38.202071076658484,38.202071076897255,-2.3877078092482407e-10
TEMP_R000199,199,2,C022,S03,38.5,38.45217911145728,38.45217911170051,-2.432258838780399e-10
TEMP_R000200,200,5,C022,S03,38.5,38.448461370644694,38.44846136853204,2.112656716235506e-09
TEMP_R000201,201,1,C014,S03,38.5,38.481310717565286,38.48131071828446,-7.191758299995854e-10
TEMP_R000202,202,4,C014,S03,38.5,38.46934304190324,38.4693430409495,9.537401979287097e-10
TEMP_R000203,203,3,C014,S03,38.5,38.39024678945151,38.390246789246696,2.0481394358284888e-10
TEMP_R000204,204,5,C014,S03,38.5,38.44560415370472,38.44560415159151,2.1132109395693988e-09
TEMP_R000205,205,1,C014,S03,38.0,38.054796370976675,38.05479637168678,-7.101021992639289e-10
TEMP_R000206,206,5,C014,S03,38.0,38.096074413421576,38.09607441132624,2.0953336843376746e-09
TEMP_R000207,207,4,C014,S03,38.1,38.078134406074426,38.07813440511831,9.561134106661484e-10
TEMP_R000208,208,3,C014,S03,38.1,38.12068129337434,38.12068129317296,2.013820221691276e-10
TEMP_R000209,209,5,C014,S03,38.2,38.16878721311657,38.16878721101824,2.0983321746825823e-09
TEMP_R000210,210,2,C014,S03,38.2,38.173478134622734,38.173478134858655,-2.3592150455442606e-10
TEMP_R000211,211,1,C014,S03,37.5,37.6123940759486,37.6123940766489,-7.002967095104395e-10
TEMP_R000212,212,1,C014,S03,37.5,37.605705648024546,37.60570564872477,-7.002256552368635e-10
TEMP_R000213,213,4,C014,S03,38.1,38.032806636959634,38.032806636002405,9.572289627612918e-10
TEMP_R000214,214,5,C014,S03,38.1,38.06748456718225,38.06748456508833,2.093919704293512e-09
TEMP_R000215,215,4,C014,S03,38.0,38.007246024766104,38.00724602381045,9.556515578879043e-10
TEMP_R000216,216,2,C014,S03,38.0,38.04062066692298,38.04062066715345,-2.304645363437885e-10
TEMP_R000217,217,2,C014,S03,38.0,38.01127298628309,38.01127298651309,-2.3000268356554443e-10
TEMP_R000218,218,1,C014,S03,38.0,38.01896690002057,38.01896690072972,-7.091500719980104e-10
TEMP_R000219,219,1,C014,S03,39.0,39.35848851896299,39.3584885197011,-7.381046884802345e-10
TEMP_R000220,220,2,C014,S03,39.0,39.14493201829623,39.14493201854769,-2.5146107418549946e-10
TEMP_R000221,221,3,C014,S03,39.2,39.133492147199306,39.133492146986576,2.127293896592164e-10
TEMP_R000222,222,5,C014,S03,39.2,39.10584373248443,39.10584373033495,2.1494770408025943e-09
TEMP_R000223,223,3,C014,S03,38.8,38.77714010132929,38.77714010112055,2.0873613948424463e-10
TEMP_R000224,224,2,C014,S03,38.8,38.78275302404387,38.78275302429803,-2.5416113658138784e-10
TEMP_R000225,225,4,C014,S03,38.4,38.44314342032905,38.44314341937344,9.556089253237587e-10
TEMP_R000226,226,3,C014,S03,38.4,38.4605691971857,38.460569196980686,2.050128955488617e-10
TEMP_R000227,227,2,C023,S03,38.3,38.34617021329399,38.346170213543104,-2.491162831574911e-10
TEMP_R000228,228,1,C023,S03,38.3,38.351840591667454,38.35184059238463,-7.171792049120995e-10
TEMP_R000229,229,1,C023,S03,38.3,38.58632400821783,38.58632400893977,-7.219398412416922e-10
TEMP_R000230,230,5,C023,S03,38.3,38.61030949414835,38.610309492019695,2.1286581386448233e-09
TEMP_R000231,231,4,C023,S03,39.4,39.39049049500386,39.3904904940513,9.52560696987348e-10
TEMP_R000232,232,5,C023,S03,39.4,39.41191693140232,39.41191692923579,2.1665300664608367e-09
TEMP_R000233,233,4,C023,S03,39.2,39.15551971083151,39.15551970987768,9.538325684843585e-10
TEMP_R000234,234,5,C023,S03,39.2,39.16926870913536,39.1692687069806,2.154756373329292e-09
TEMP_R000235,235,2,C023,S03,39.0,38.99324572737301,38.9932457276341,-2.610889282550488e-10
TEMP_R000236,236,2,C023,S03,39.0,38.9774905169222,38.97749051718492,-2.6271607111993944e-10
TEMP_R000237,237,1,C023,S03,38.8,38.577366992941464,38.57736699366292,-7.214566721813753e-10
TEMP_R000238,238,3,C023,S03,38.8,38.67879825084111,38.67879825063411,2.0700241520899e-10
TEMP_R000239,239,3,C023,S03,38.9,38.89639560660548,38.8963956063955,2.099795892718248e-10
TEMP_R000240,240,3,C023,S03,38.9,38.899043165203196,38.8990431649932,2.0999380012654e-10
TEMP_R000241,241,4,C023,S03,38.6,38.65866016507952,38.65866016412538,9.541381018607353e-10
TEMP_R000242,242,5,C023,S03,38.6,38.67671980171986,38.676719799591545,2.1283170781316585e-09
TEMP_R000243,243,2,C023,S03,39.1,39.085373858994025,39.08537385925502,-2.609965576994e-10
TEMP_R000244,244,5,C023,S03,39.1,39.077777329227814,39.07777732708072,2.147096722637798e-09
TEMP_R000245,245,1,C023,S03,39.0,39.033510227404676,39.03351022813605,-7.313758487725863e-10
TEMP_R000246,246,2,C023,S03,39.0,38.98955624067553,38.98955624093978,-2.6424373800182366e-10
TEMP_R000247,247,2,C023,S03,39.1,39.34744983136296,39.34744983161859,-2.5563196004441124e-10
TEMP_R000248,248,4,C023,S03,39.1,39.462001865177456,39.4620018642245,9.529586009193736e-10
TEMP_R000249,249,3,C023,S03,39.9,39.82309030550648,39.823090305285966,2.205169380431471e-10
TEMP_R000250,250,1,C023,S03,39.9,39.862462880406824,39.86246288115582,-7.489973086194368e-10
TEMP_R000251,251,3,C023,S03,39.4,39.37117406682432,39.37117406660893,2.1538681949095917e-10
TEMP_R000252,252,1,C023,S03,39.4,39.413976093363964,39.41397609410315,-7.391847134385898e-10
TEMP_R000253,253,4,C023,S03,39.3,39.33288646053498,39.332886459581744,9.5323571258632e-10
TEMP_R000254,254,3,C023,S03,39.3,39.30001099330691,39.30001099309247,2.1444179765239824e-10
TEMP_R000272,272,1,C011,S03,38.1,38.2242375293879,38.22423753010058,-7.126814693947381e-10
TEMP_R000273,273,3,C011,S03,38.0,38.27771209986852,38.277712099665365,2.0315837900852785e-10
TEMP_R000274,274,4,C011,S03,37.9,38.21557920033257,38.21557919937695,9.55623136178474e-10
TEMP_R000275,275,4,C011,S03,38.1,38.17262497683432,38.1726249758794,9.549196988700714e-10
TEMP_R000276,276,1,C011,S03,38.1,38.10258660442392,38.102586605135,-7.110827482392779e-10
TEMP_R000277,277,2,C011,S03,38.4,38.9996496185062,38.99964961876742,-2.6122393137484323e-10
TEMP_R000278,278,3,C011,S03,39.1,38.21205045183507,38.21205045163272,2.0234836028976133e-10
TEMP_R000279,279,2,C011,S03,38.2,38.92955553171702,38.92955553197849,-2.6146551590500167e-10
TEMP_R000280,280,5,C011,S03,38.1,38.60857562139897,38.60857561931309,2.0858763605247077e-09
TEMP_R000281,281,3,C004,S04,39.0,38.863616081943604,38.86361608173403,2.0957457991244155e-10
TEMP_R000282,282,1,C004,S04,38.8,38.849276206241115,38.84927620696824,-7.271268032127409e-10
TEMP_R000283,283,2,C004,S04,38.7,38.70850642891122,38.70850642916423,-2.530100573494565e-10
TEMP_R000284,284,1,C004,S04,38.4,38.41534958179042,38.41534958250826,-7.178400096563564e-10
TEMP_R000285,285,5,C004,S04,38.5,38.4995969684726,38.49959696635516,2.1174386688471714e-09
TEMP_R000286,286,4,C004,S04,38.4,38.39704259824295,38.39704259728777,9.55175494254945e-10
TEMP_R000287,287,3,C004,S04,38.5,38.33662059936483,38.33662059916109,2.0374102405185113e-10
TEMP_R000288,288,1,C004,S04,38.3,38.242397731626944,38.2423977323399,-7.129585810616845e-10
TEMP_R000289,289,2,C004,S04,38.5,38.50735319152041,38.50735319176687,-2.4645885332574835e-10
TEMP_R000290,290,5,C004,S04,39.0,38.995583958842886,38.99558395669872,2.1441692865664663e-09
TEMP_R000291,291,4,C004,S04,38.6,38.41549960009107,38.41549959913552,9.555449764775403e-10
TEMP_R000292,292,2,C004,S04,38.0,38.004470098043384,38.00447009827348,-2.3009505412119324e-10
TEMP_R000293,293,3,C028,S04,38.2,38.466212655378605,38.46621265517406,2.0454393734326004e-10
TEMP_R000294,294,5,C028,S04,39.5,39.52930077144808,39.52930076927713,2.1709496422772645e-09
TEMP_R000295,295,3,C028,S04,39.1,39.13016505847877,39.13016505826618,2.1258728111206437e-10
TEMP_R000296,296,3,C028,S04,38.5,38.68615679341256,38.68615679320529,2.0726531602122122e-10
TEMP_R000297,297,4,C028,S04,39.3,39.308454600026394,39.30845459907348,9.52915968355228e-10
TEMP_R000298,298,2,C028,S04,39.2,39.21138952238824,39.211389522657626,-2.693880674087268e-10
TEMP_R000299,299,5,C028,S04,38.8,38.81522726251907,38.815227260384106,2.134967758138373e-09
TEMP_R000300,300,4,C028,S04,39.0,39.014876175239905,39.01487617428606,9.538467793390737e-10
TEMP_R000301,301,2,C028,S04,38.9,38.90965966630202,38.90965966656159,-2.595683668005222e-10
TEMP_R000302,302,2,C028,S04,40.0,40.01600247195147,40.01600247224705,-2.955857780762017e-10
TEMP_R000303,303,1,C028,S04,39.7,39.71744143694326,39.71744143768861,-7.453522243849875e-10
TEMP_R000304,304,1,C028,S04,39.6,39.59573432754747,39.59573432829047,-7.430003279296216e-10
TEMP_R000305,305,1,C028,S04,39.2,39.22558683069357,39.22558683142882,-7.352483066824789e-10
TEMP_R000306,306,2,C008,S04,38.1,38.10504671673879,38.10504671697216,-2.333706561330473e-10
TEMP_R000307,307,1,C008,S04,38.1,38.193340430244575,38.19334043095774,-7.13164638455055e-10
TEMP_R000308,308,4,C008,S04,38.0,37.9906016878621,37.99060168690583,9.562697300680156e-10
TEMP_R000309,309,5,C008,S04,38.2,38.197884486633626,38.197884484532736,2.1008901285313186e-09
TEMP_R000310,310,2,C008,S04,38.1,38.10504671673879,38.10504671697216,-2.333706561330473e-10
TEMP_R000311,311,1,C008,S04,38.5,38.927942213219296,38.92794221394801,-7.287113135134859e-10
TEMP_R000312,312,3,C008,S04,38.5,38.427247097494316,38.427247097289495,2.0482104901020648e-10
TEMP_R000313,313,3,C008,S04,38.5,38.41550624871351,38.41550624850888,2.0462920247155125e-10
TEMP_R000314,314,1,C008,S04,38.5,38.54060132601909,38.54060132673955,-7.204548069239536e-10
TEMP_R000315,315,2,C008,S04,38.4,38.406776572825,38.40677657306819,-2.431903567412519e-10
TEMP_R000316,316,5,C008,S04,38.4,38.419940234388264,38.41994023227632,2.1119461734997458e-09
TEMP_R000317,317,4,C008,S04,38.9,38.883236313587716,38.88323631263418,9.535341405353392e-10
TEMP_R000318,318,1,C030,S04,38.0,38.03194454265214,38.03194454336167,-7.095266596479632e-10
TEMP_R000319,319,2,C030,S04,38.9,38.90965966630202,38.90965966656159,-2.595683668005222e-10
TEMP_R000320,320,4,C030,S04,39.2,39.18771483845079,39.187714837498206,9.525820132694207e-10
TEMP_R000321,321,5,C030,S04,38.3,38.30704800952586,38.30704800741801,2.10784634191441e-09
TEMP_R000322,322,1,C030,S04,38.0,38.035270969757576,38.035270970467465,-7.098890364432009e-10
TEMP_R000323,323,3,C030,S04,38.0,38.08625888871612,38.08625888851522,2.0089885310881073e-10
TEMP_R000324,324,1,C030,S04,38.2,38.20838024239649,38.20838024310995,-7.134630664040742e-10
TEMP_R000325,325,3,C030,S04,38.0,38.1219854494535,38.12198544925218,2.0131807332290919e-10
TEMP_R000326,326,4,C030,S04,38.4,38.38772983861297,38.38772983765813,9.548415391691378e-10
TEMP_R000327,327,3,C030,S04,38.1,38.30196119920683,38.30196119900364,2.0318680071795825e-10
TEMP_R000328,328,2,C030,S04,38.2,38.2056233354342,38.20562333567084,-2.3664625814490137e-10
TEMP_R000329,329,2,C030,S04,38.3,38.306199954129596,38.30619995436951,-2.3991475472939783e-10
TEMP_R000330,330,4,C030,S04,38.1,38.085383213803865,38.085383212847965,9.559002478454204e-10
TEMP_R000331,331,5,C030,S04,38.1,38.09727778831402,38.09727778621813,2.0958879076715675e-09
TEMP_R000332,332,5,C018,S04,38.9,38.904865103383884,38.90486510124309,2.140794208571606e-09
TEMP_R000333,333,3,C018,S04,41.5,40.809716969433126,40.80971696920132,2.3180746211437508e-10
TEMP_R000334,334,2,C018,S04,38.7,38.70850642891122,38.70850642916423,-2.530100573494565e-10
TEMP_R000335,335,4,C018,S04,38.5,38.02278822565043,38.022788224693066,9.573639658810862e-10
TEMP_R000336,336,4,C018,S04,38.6,38.61187882303667,38.61187882208136,9.553104973747395e-10
TEMP_R000337,337,2,C018,S04,38.5,38.50735319152041,38.50735319176687,-2.4645885332574835e-10
TEMP_R000338,338,1,C018,S04,38.6,38.635394206621875,38.63539420734483,-7.229559173538291e-10
TEMP_R000339,339,3,C018,S04,38.5,38.52959086726182,38.529590867055816,2.0600054995156825e-10
TEMP_R000340,340,1,C018,S04,38.5,38.5717048179652,38.57170481868668,-7.214850938908057e-10
TEMP_R000341,341,2,C018,S04,39.1,39.11081290369283,39.110812903958944,-2.661124653968727e-10
TEMP_R000342,342,1,C018,S04,39.1,39.11026333189839,39.11026333263111,-7.327258799705305e-10
TEMP_R000343,343,5,C018,S04,38.2,38.25185792650788,38.25185792440279,2.105089436099661e-09
TEMP_R000351,351,2,C025,S04,38.9,38.90965966630202,38.90965966656159,-2.595683668005222e-10
TEMP_R000352,352,4,C025,S04,39.2,39.20086425718455,39.20086425623209,9.524612210043415e-10
TEMP_R000353,353,3,C025,S04,38.0,38.18439603502409,38.18439603482206,2.0203572148602689e-10
TEMP_R000354,354,3,C025,S04,38.1,38.17443848242062,38.1744384822188,2.0182255866529886e-10
TEMP_R000355,355,4,C025,S04,38.3,38.295899007810405,38.29589900685527,9.551328616907995e-10
TEMP_R000356,356,1,C025,S04,38.7,38.6673162470277,38.66731624775093,-7.232330290207756e-10
TEMP_R000357,357,1,C025,S04,39.4,39.34812935348493,39.348129354222976,-7.380478450613737e-10
TEMP_R000358,358,5,C025,S04,38.6,38.66031325900015,38.66031325687559,2.1245583070594876e-09
TEMP_R000359,359,2,C025,S04,38.8,38.80908304760662,38.809083047862906,-2.5628565936131054e-10
TEMP_R000360,360,4,C010,S04,38.1,38.09061455244989,38.090614551494056,9.55836298999202e-10
TEMP_R000361,361,4,C010,S04,38.3,38.31061242732904,38.31061242637335,9.556870850246924e-10
TEMP_R000362,362,3,C010,S04,38.1,38.30954549101506,38.3095454908116,2.034568069575471e-10
TEMP_R000363,363,2,C010,S04,38.1,38.10504671673879,38.10504671697216,-2.333706561330473e-10
TEMP_R000364,364,3,C010,S04,38.7,38.16090043769488,38.160900437493055,2.0182255866529886e-10
TEMP_R000365,365,3,C010,S04,38.2,38.86695644476288,38.86695644455308,2.0979484816052718e-10
TEMP_R000366,366,1,C010,S04,38.7,38.651649962089955,38.65164996281277,-7.228138088066771e-10
TEMP_R000367,367,2,C010,S04,39.0,39.01023628499743,39.01023628526026,-2.6282975795766106e-10
TEMP_R000368,368,1,C010,S04,39.5,39.371594098729304,39.37159409946743,-7.381260047623073e-10
TEMP_R000369,369,5,C010,S04,38.0,38.04462576554975,38.04462576345806,2.091695705530583e-09
TEMP_R000370,370,1,C010,S04,38.3,38.32794919502841,38.32794919574425,-7.158433845688705e-10
TEMP_R000371,371,2,C010,S04,38.2,38.2056233354342,38.20562333567084,-2.3664625814490137e-10
TEMP_R000372,372,5,C010,S04,38.2,38.20551313146602,38.20551312936364,2.102382268276415e-09
TEMP_R000373,373,4,C010,S04,38.5,38.48642738197683,38.48642738102213,9.546994306219858e-10
TEMP_R000374,374,1,C019,S04,38.5,38.509501813314124,38.50950181403441,-7.202842766673712e-10
TEMP_R000375,375,1,C019,S04,38.5,38.466450866201434,38.46645086692025,-7.188134532043478e-10
TEMP_R000376,376,2,C019,S04,38.0,38.004470098043384,38.00447009827348,-2.3009505412119324e-10
TEMP_R000377,377,3,C019,S04,38.1,38.13938079302088,38.13938079281926,2.0161650127192843e-10
TEMP_R000378,378,4,C019,S04,38.2,38.17939497304593,38.17939497209044,9.554881330586795e-10
TEMP_R000379,379,3,C019,S04,37.5,37.67546743834653,37.67546743815018,1.9635137959994609e-10
TEMP_R000380,380,5,C019,S04,38.1,38.08674753617396,38.08674753407846,2.0954971091668995e-09
TEMP_R000381,381,2,C019,S04,38.0,38.004470098043384,38.00447009827348,-2.3009505412119324e-10
TEMP_R000382,382,1,C019,S04,38.0,37.99618659663989,37.996186597348746,-7.088587494763487e-10
TEMP_R000383,383,2,C019,S04,39.0,39.24908550964189,39.24908550989127,-2.4938628939707996e-10
TEMP_R000384,384,5,C019,S04,39.2,39.184143103372655,39.184143101218496,2.1541595174312533e-09
TEMP_R000385,385,4,C019,S04,38.8,38.806666897552034,38.80666689659786,9.541736289975233e-10
TEMP_R000386,386,3,C019,S04,38.4,38.51169764912355,38.51169764891797,2.0557422431011219e-10
TEMP_R000387,387,3,C005,S04,38.3,38.471299771863755,38.47129977165898,2.0477841644606087e-10
TEMP_R000388,388,4,C005,S04,38.3,38.530736784492774,38.53073678353729,9.55481027631322e-10
TEMP_R000389,389,3,C005,S04,39.4,39.32717544835532,39.32717544814034,2.149818101315759e-10
TEMP_R000390,390,1,C005,S04,39.2,39.185066731084916,39.18506673181934,-7.344240771089972e-10
TEMP_R000391,391,4,C005,S04,39.0,39.01696353253085,39.01696353157711,9.537401979287097e-10
TEMP_R000392,392,1,C005,S04,38.8,38.533326467496025,38.53332646821656,-7.205329666248872e-10
TEMP_R000393,393,4,C005,S04,38.9,38.91667232232414,38.91667232137007,9.540670475871593e-10
TEMP_R000394,394,2,C005,S04,38.6,38.607929810215815,38.60792981046555,-2.497344553376024e-10
TEMP_R000395,395,1,C005,S04,39.1,39.07877918560453,39.07877918633666,-7.32129024072492e-10
TEMP_R000396,396,3,C005,S04,39.0,38.960349496454114,38.960349496243424,2.106901320075849e-10
TEMP_R000397,397,2,C005,S04,39.1,39.24908550964189,39.24908550989127,-2.4938628939707996e-10
TEMP_R000398,398,2,C005,S04,39.9,39.91542585325607,39.91542585354837,-2.9230307063699e-10
TEMP_R000399,399,5,C005,S04,39.4,39.405804285886305,39.405804283720485,2.1658195237250766e-09
TEMP_R000400,400,5,C005,S04,39.3,39.301190742365584,39.30119074020462,2.160966516839835e-09
TEMP_R000997,997,1,C017,S01,40.1,40.10808789207513,40.10808789283003,-7.548948133262456e-10
TEMP_R000998,998,5,C017,S01,38.9,39.022545990038225,39.02254598789014,2.1480843770405045e-09
TEMP_R000999,999,5,C017,S01,39.4,39.110587655569404,39.11058765340674,2.1626647139783017e-09
TEMP_R001000,1000,4,C017,S01,39.2,38.862293929516746,38.86229392856342,9.533280831419688e-10
TEMP_R001001,1001,4,C017,S01,39.0,39.36729049243306,39.367290491479245,9.538112522022857e-10
TEMP_R001002,1002,2,C017,S01,39.3,39.44016501811323,39.44016501838451,-2.7128521651320625e-10
TEMP_R001003,1003,3,C017,S01,39.1,39.32902746343265,39.32902746321754,2.1510970782401273e-10
TEMP_R001004,1004,5,C017,S01,39.6,39.30062391196301,39.30062390979978,2.1632260427395522e-09
TEMP_R001005,1005,1,C017,S01,39.4,39.42856785989731,39.42856786063646,-7.391491863018018e-10
TEMP_R001006,1006,1,C017,S01,39.9,39.87571440525493,39.8757144060057,-7.507665600314795e-10
TEMP_R001007,1007,2,C017,S01,39.3,39.65002042398569,39.650020424269,-2.8331470502962475e-10
TEMP_R001008,1008,2,C017,S01,39.4,39.24891463676309,39.24891463703554,-2.724505065998528e-10
TEMP_R001009,1009,3,C017,S01,40.0,39.930274780157305,39.9302747799359,2.2140511646284722e-10
TEMP_R001010,1010,1,C017,S01,39.5,39.45592307322323,39.455923073963135,-7.399023616017075e-10
TEMP_R001011,1011,3,C017,S01,39.8,39.94539163851432,39.94539163829258,2.2174617697601207e-10
TEMP_R001012,1012,4,C017,S01,39.4,39.61246496037319,39.612464959422894,9.502940656602732e-10
TEMP_R001013,1013,1,C020,S01,39.6,39.92233679211685,39.92233679287101,-7.541558488810551e-10
TEMP_R001014,1014,3,C020,S01,38.6,38.87119285975024,38.87119285954079,2.0944668222000473e-10
TEMP_R001015,1015,1,C020,S01,39.2,39.003912720053776,39.00391272078558,-7.318021744140424e-10
TEMP_R001016,1016,4,C020,S01,38.8,38.67979163106226,38.67979163010652,9.557368230161956e-10
TEMP_R001017,1017,2,C020,S01,39.1,39.187283956807875,39.18728395708551,-2.7763746857090155e-10
TEMP_R001018,1018,2,C020,S01,39.1,39.14000195848208,39.14000195875495,-2.728697268139513e-10
TEMP_R001019,1019,5,C020,S01,39.5,39.18253506821614,39.18253506606041,2.155729816877283e-09
TEMP_R001020,1020,5,C020,S01,40.2,40.049456482666166,40.0494564804788,2.187363179473323e-09
TEMP_R001021,1021,4,C020,S01,39.5,39.26292178279388,39.262921781835175,9.587068916516728e-10
TEMP_R001022,1022,3,C020,S01,39.6,39.65087190002531,39.65087189980715,2.1815793616042356e-10
TEMP_R001023,1023,3,C020,S01,38.6,39.48981805718787,39.489818056970975,2.1689317009077058e-10
TEMP_R001024,1024,1,C020,S01,40.4,40.15334756880341,40.15334756955943,-7.560174708487466e-10
TEMP_R001025,1025,4,C020,S01,39.5,39.56399238528594,39.56399238432927,9.566747394273989e-10
TEMP_R001026,1026,5,C020,S01,40.2,40.18194073197752,40.18194072976372,2.213802474670956e-09
TEMP_R001027,1027,1,C020,S01,39.5,39.62180852278814,39.621808523533545,-7.454019623764907e-10
TEMP_R001028,1028,2,C020,S01,40.2,40.19695246680831,40.1969524671059,-2.9758950859104516e-10
TEMP_R001029,1029,1,C009,S01,40.4,40.467848189487796,40.46784819025093,-7.631371090610628e-10
TEMP_R001030,1030,3,C009,S01,39.3,39.32627610288168,39.326276102666895,2.1478285816556308e-10
TEMP_R001031,1031,1,C009,S01,39.4,39.533656121049745,39.53365612179199,-7.422471526297159e-10
TEMP_R001032,1032,2,C009,S01,39.5,39.46754609503979,39.467546095327165,-2.873719040508149e-10
TEMP_R001033,1033,5,C009,S01,39.5,39.521149415085404,39.52114941294289,2.1425137219921453e-09
TEMP_R001034,1034,4,C009,S01,40.5,40.42519631805788,40.425196317101296,9.5658236887175e-10
TEMP_R001035,1035,4,C009,S01,38.7,39.61075776704421,39.61075776609105,9.53164658312744e-10
TEMP_R001036,1036,2,C009,S01,40.8,40.27035516736797,40.27035516766625,-2.9828584047209006e-10
TEMP_R001037,1037,3,C009,S01,40.6,40.448815599158564,40.44881559893089,2.276721033922513e-10
TEMP_R001038,1038,4,C012,S01,40.3,40.49423363992689,40.49423363897737,9.495195740782947e-10
TEMP_R001039,1039,4,C012,S01,39.1,38.90289796154829,38.90289796059348,9.548131174597074e-10
TEMP_R001040,1040,1,C012,S01,39.0,39.02721866842962,39.02721866916077,-7.311484750971431e-10
TEMP_R001041,1041,3,C012,S01,39.0,39.07059000050058,39.07059000028836,2.1221779888946912e-10
TEMP_R001042,1042,5,C012,S01,39.7,39.38820928770694,39.38820928553397,2.1729746890741808e-09
TEMP_R001043,1043,3,C012,S01,39.5,39.50235155273848,39.50235155252159,2.1689317009077058e-10
TEMP_R001044,1044,1,C012,S01,39.5,39.90414745350667,39.90414745425692,-7.502549692617322e-10
TEMP_R001045,1045,2,C012,S01,39.5,39.49523575105816,39.49523575133817,-2.800106813083403e-10
TEMP_R001046,1046,2,C012,S01,39.8,39.5498874544799,39.54988745476116,-2.8126123652327806e-10
TEMP_R001047,1047,2,C012,S01,40.0,39.434170394815396,39.434170395089566,-2.7417002002039226e-10
TEMP_R001048,1048,3,C012,S01,39.4,39.528274044482785,39.52827404426564,2.1714186004828662e-10
TEMP_R001049,1049,1,C012,S01,40.6,40.419582134577226,40.4195821353398,-7.625757802998123e-10
TEMP_R001050,1050,5,C012,S01,40.5,40.33140989179918,40.33140988960108,2.198099480210658e-09
TEMP_R001051,1051,2,C006,S01,39.8,39.40111199696186,39.401111997233095,-2.7123547852170304e-10
TEMP_R001052,1052,2,C006,S01,38.5,39.26083718316126,39.26083718342309,-2.618349981275969e-10
TEMP_R001053,1053,4,C006,S01,38.6,38.637451284133704,38.6374512831749,9.588063676346792e-10
TEMP_R001054,1054,3,C006,S01,39.3,38.99098176410806,38.99098176389696,2.1109514136696816e-10
TEMP_R001055,1055,1,C006,S01,38.5,38.70742171283128,38.70742171355515,-7.238725174829597e-10
TEMP_R001056,1056,5,C006,S01,39.7,38.87756639358881,38.87756639145213,2.136680166131555e-09
TEMP_R001057,1057,4,C006,S01,38.4,38.68200332118525,38.682003320227096,9.5815266831778e-10
TEMP_R001058,1058,1,C006,S01,38.9,39.60143831291908,39.60143831366111,-7.420339898089878e-10
TEMP_R001059,1059,3,C006,S01,39.4,39.6715120203509,39.67151202013235,2.1855584009244922e-10
TEMP_R001060,1060,3,C006,S01,38.5,38.766265893014676,38.76626589280611,2.085656092276622e-10
TEMP_R001061,1061,4,C006,S01,39.4,39.670953418730406,39.67095341777628,9.541238910060201e-10
TEMP_R001062,1062,5,C006,S01,39.9,39.108596682485526,39.10859668031438,2.1711485942432773e-09
TEMP_R001063,1063,1,C006,S01,39.6,39.73524800254819,39.735248003293904,-7.457146011802251e-10
TEMP_R001064,1064,2,C006,S01,40.0,39.43505375198848,39.43505375226684,-2.7836222216137685e-10
TEMP_R001065,1065,1,C015,S01,38.9,39.34206313742304,39.3420631381634,-7.40357108952594e-10
TEMP_R001066,1066,2,C015,S01,38.2,38.37046325215499,38.37046325239756,-2.425721845611406e-10
TEMP_R001067,1067,4,C015,S01,39.7,38.28262463136428,38.28262463040886,9.554170787851035e-10
TEMP_R001068,1068,3,C015,S01,38.2,38.29712146420138,38.29712146399807,2.0331469841039507e-10
TEMP_R001069,1069,1,C015,S01,38.5,38.698955357027174,38.69895535775281,-7.256346634676447e-10
TEMP_R001070,1070,2,C015,S01,38.3,38.68007404191615,38.68007404216514,-2.489883854650543e-10
TEMP_R001071,1071,3,C015,S01,38.2,38.30856955849346,38.30856955829003,2.0342838524811668e-10
TEMP_R001072,1072,4,C015,S01,38.2,38.32502020064148,38.325020199688936,9.525464861326327e-10
TEMP_R001073,1073,5,C015,S01,38.0,38.71958536845239,38.719585366330335,2.122057196629612e-09
TEMP_R001074,1074,1,C015,S01,39.2,39.280793453068284,39.280793453803625,-7.353406772381277e-10
TEMP_R001075,1075,5,C015,S01,38.5,38.58905136297156,38.58905136085485,2.1167068098293385e-09
TEMP_R001076,1076,2,C015,S01,39.0,39.412463001919214,39.412463002191096,-2.7188207241124474e-10
TEMP_R001077,1077,1,C015,S01,39.7,39.19636962133055,39.19636962206455,-7.340048568948987e-10
TEMP_R001078,1078,3,C015,S01,40.0,39.23630561406017,39.23630561384662,2.135536192326981e-10
TEMP_R001079,1079,3,C015,S01,38.5,38.58223602793308,38.58223602772615,2.0693136093541398e-10
TEMP_R001080,1080,2,C015,S01,38.4,38.733301434221055,38.73330143448168,-2.6062707547680475e-10
TEMP_R001081,1081,4,C015,S01,38.8,39.20768747847339,39.20768747751932,9.540670475871593e-10
TEMP_R001082,1082,5,C015,S01,39.1,39.01043531199646,39.01043530985338,2.1430821561807534e-09
TEMP_R001083,1083,2,C007,S01,40.1,39.013339964187814,39.013339964453465,-2.6565061261862866e-10
TEMP_R001084,1084,4,C007,S01,38.4,38.92709906548077,38.92709906453166,9.491074592915538e-10
TEMP_R001085,1085,1,C007,S01,39.8,39.652335243963904,39.65233524470892,-7.450182692991802e-10
TEMP_R001086,1086,1,C007,S01,38.5,39.00353666178337,39.00353666251392,-7.305516191991046e-10
TEMP_R001087,1087,1,C007,S01,40.0,39.621218786006736,39.621218786749616,-7.428795356645423e-10
TEMP_R001088,1088,5,C007,S01,39.3,38.89279493873411,38.89279493661411,2.1200037281232653e-09
TEMP_R001089,1089,4,C007,S01,39.9,39.80267670710923,39.80267670615793,9.51295930917695e-10
TEMP_R001090,1090,2,C007,S01,39.7,38.93284374940113,38.93284374966645,-2.65323762960179e-10
TEMP_R001091,1091,1,C007,S01,39.7,39.86255955321133,39.86255955396071,-7.493810016967473e-10
TEMP_R001092,1092,5,C007,S01,39.5,39.63870856500239,39.63870856281988,2.1825101725880813e-09
TEMP_R001093,1093,3,C007,S01,39.7,39.44555500178758,39.445555001571634,2.1594814825220965e-10
TEMP_R001094,1094,3,C007,S01,39.6,39.401295636492435,39.40129563627701,2.1542234662774717e-10
TEMP_R001095,1095,5,C007,S01,39.3,39.778008400849345,39.778008398636935,2.2124098109088663e-09
TEMP_R001096,1096,3,C007,S01,40.7,39.30266849429923,39.30266849408453,2.1470469846462947e-10
TEMP_R001097,1097,2,C007,S01,39.2,38.875285904558595,38.87528590481543,-2.568327772678458e-10
TEMP_R001098,1098,4,C007,S01,39.4,39.75262615262491,39.7526261516714,9.535128242532664e-10
TEMP_R001099,1099,3,C007,S01,40.6,39.3077679766587,39.30776797644383,2.148752287212119e-10
TEMP_R001100,1100,4,C007,S01,38.3,39.833542696175414,39.83354269522492,9.50493017626286e-10
TEMP_R001101,1101,2,C007,S01,40.2,38.93623709686879,38.93623709711589,-2.4710544721529004e-10
TEMP_R001102,1102,3,C013,S01,39.3,39.1585970013475,39.15859700113512,2.1238122371869395e-10
TEMP_R001103,1103,5,C013,S01,38.7,38.64789416168159,38.64789415955544,2.12614992278759e-09
TEMP_R001104,1104,1,C013,S01,38.6,38.74488293461407,38.74488293533895,-7.24881488167739e-10
TEMP_R001105,1105,1,C013,S01,38.6,38.60954527629035,38.60954527701245,-7.22103266070917e-10
TEMP_R001106,1106,2,C013,S01,39.3,38.94023644491338,38.940236445178165,-2.6478375048100133e-10
TEMP_R001107,1107,2,C013,S01,39.2,39.16146697812865,39.16146697838875,-2.6010127385234227e-10
TEMP_R001108,1108,5,C013,S01,38.5,38.919990368079986,38.91999036592698,2.153008438199322e-09
TEMP_R001109,1109,4,C013,S01,39.1,39.181101604163324,39.18110160320823,9.550902291266539e-10
TEMP_R001110,1110,4,C013,S01,39.1,39.173417563508856,39.173417562554135,9.547207469040586e-10
TEMP_R001111,1111,3,C013,S01,39.0,39.1762519236551,39.17625192344187,2.1323387500160607e-10
TEMP_R001113,1113,1,C024,S01,38.0,38.333336543449484,38.33333654416565,-7.161631287999626e-10
TEMP_R001114,1114,3,C024,S01,38.0,38.32111247184129,38.3211124716377,2.035918100773415e-10
TEMP_R001115,1115,4,C024,S01,38.6,38.278952444345585,38.27895244338825,9.573355441716558e-10
TEMP_R001116,1116,4,C024,S01,38.3,38.192065189853764,38.19206518889987,9.53896517330577e-10
TEMP_R001117,1117,5,C024,S01,38.3,38.64888258971496,38.64888258758373,2.131230303348275e-09
TEMP_R001118,1118,5,C024,S01,38.2,38.65352564913003,38.65352564699295,2.137085175490938e-09
TEMP_R001119,1119,2,C024,S01,38.4,38.36760237115146,38.367602371402896,-2.5143265247606905e-10
TEMP_R001120,1120,2,C024,S01,38.7,39.10364473212759,39.1036447323897,-2.6210500436718576e-10
TEMP_R001121,1121,1,C024,S01,38.2,38.7262536954197,38.72625369614411,-7.244125299621373e-10
TEMP_R001122,1122,5,C024,S01,38.9,38.977034479067825,38.97703447692192,2.145903010841721e-09
TEMP_R001123,1123,1,C024,S01,40.4,40.3897415906094,40.38974159137263,-7.632365850440692e-10
TEMP_R001124,1124,3,C024,S01,38.4,38.522345811113595,38.52234581090778,2.0581580884027062e-10
TEMP_R001125,1125,1,C024,S01,39.2,38.885536451868276,38.88553645259606,-7.277805025296402e-10
TEMP_R001126,1126,4,C024,S01,41.2,40.27399272280019,40.27399272184519,9.54997858571005e-10
TEMP_R001127,1127,2,C024,S01,38.5,38.65696222296057,38.65696222321665,-2.560796019679401e-10
TEMP_R001128,1128,3,C024,S01,40.5,40.41180775817547,40.41180775794867,2.2679813582726638e-10
TEMP_R001129,1129,2,C024,S01,40.2,40.409244927922266,40.40924492821068,-2.8841640187238227e-10
