RecordID,Ear,Air,Actual,Predicted
MEAS_R000001,30.0,13.1,38.3,38.28416427221576
MEAS_R000002,30.4,16.0,38.3,38.203166793753695
MEAS_R000003,31.5,18.3,38.2,38.19038552558712
MEAS_R000004,32.6,20.8,38.4,38.1890721012592
MEAS_R000005,32.8,22.0,38.1,38.23929410248645
MEAS_R000006,28.1,13.4,38.3,38.332940183822224
MEAS_R000007,29.3,11.8,38.3,38.21965696754368
MEAS_R000008,29.2,10.9,38.2,38.20378301792219
MEAS_R000009,28.6,10.9,38.0,38.24756507879125
MEAS_R000010,31.4,5.4,39.0,38.53230713981594
MEAS_R000011,33.3,6.1,38.8,38.55884951596989
MEAS_R000012,31.8,6.9,38.7,38.48979091960168
MEAS_R000013,33.6,6.8,38.4,38.50923317470524
MEAS_R000014,33.3,9.3,38.5,38.46813750456423
MEAS_R000015,33.6,8.0,38.4,38.4743731156197
MEAS_R000016,33.1,11.2,38.5,38.46088448809713
MEAS_R000017,33.9,11.2,38.3,38.49375846830409
MEAS_R000018,36.4,9.1,38.5,38.51672752346851
MEAS_R000019,32.0,9.0,39.0,38.574467859589305
MEAS_R000020,32.0,6.0,38.6,38.74459719497534
MEAS_R000021,33.7,5.5,38.0,38.63568394799033
MEAS_R000022,32.9,5.4,38.2,39.13096977848674
MEAS_R000023,30.8,6.1,39.5,39.06691837786867
MEAS_R000024,33.1,5.0,39.1,39.1446313610854
MEAS_R000025,34.2,6.9,38.5,39.05013981223831
MEAS_R000026,36.2,6.8,39.3,38.97382488358415
MEAS_R000027,32.8,8.0,39.2,39.012800075942096
MEAS_R000028,33.9,9.3,38.8,38.95127278281427
MEAS_R000029,36.2,8.8,39.0,38.96493319853481
MEAS_R000030,36.0,9.1,38.9,39.04945387510666
MEAS_R000031,33.7,9.0,40.0,39.221920073099845
MEAS_R000032,32.6,6.0,39.7,39.30717626107811
MEAS_R000033,33.2,5.4,39.6,39.16224619353821
MEAS_R000034,33.5,5.5,39.2,39.31119063570729
MEAS_R000035,31.8,5.4,38.1,38.39980015193501
MEAS_R000036,35.7,6.1,38.1,38.36201141642152
MEAS_R000037,32.9,6.9,38.0,38.306016222403294
MEAS_R000038,33.1,6.8,38.2,38.26787787227097
MEAS_R000039,33.2,9.3,38.1,38.28979243966296
MEAS_R000040,36.3,8.0,38.5,38.27305987053797
MEAS_R000041,33.6,8.8,38.5,38.27072096624463
MEAS_R000042,35.0,11.2,38.5,38.280337880858205
MEAS_R000043,33.2,9.0,38.5,38.42805913028835
MEAS_R000044,31.3,6.0,38.4,38.43534321650056
MEAS_R000045,32.1,5.4,38.4,38.56276610811963
MEAS_R000046,32.2,5.5,38.9,38.345999580330215
MEAS_R000047,29.8,5.4,38.0,38.3186189388211
MEAS_R000048,26.6,5.0,38.9,38.45744118965826
MEAS_R000049,33.1,6.1,39.2,38.32583044181863
MEAS_R000050,31.3,6.9,38.3,38.16337994336986
MEAS_R000051,31.9,6.8,38.0,38.21336837808966
MEAS_R000052,31.6,9.3,38.0,38.172612603332055
MEAS_R000053,33.3,8.0,38.2,38.19855093859638
MEAS_R000054,31.8,8.8,38.0,38.20459339238616
MEAS_R000055,32.0,9.1,38.4,38.17875770373334
MEAS_R000056,33.9,11.2,38.1,38.17825164593397
MEAS_R000057,30.5,9.0,38.2,38.370069073889056
MEAS_R000058,29.6,6.0,38.3,38.26085083510176
MEAS_R000059,30.6,5.4,38.1,38.25241565769213
MEAS_R000060,30.5,5.5,38.1,38.19551840281464
MEAS_R000061,29.5,5.4,38.9,38.93581047896491
MEAS_R000062,30.9,6.1,41.5,38.87554600714214
MEAS_R000063,31.5,5.0,38.7,39.919430514499815
MEAS_R000064,31.9,6.9,38.5,38.66638088017872
MEAS_R000065,31.1,8.0,38.6,38.69978099644637
MEAS_R000066,32.8,9.3,38.5,38.67149809482635
MEAS_R000067,33.8,8.8,38.6,38.69323931396333
MEAS_R000068,30.7,11.2,38.5,38.80733756477122
MEAS_R000069,33.9,9.1,38.5,38.73774061794429
MEAS_R000070,32.3,9.0,39.1,38.95095026443894
MEAS_R000071,32.5,6.0,39.1,38.99044776009627
MEAS_R000072,32.7,5.5,38.2,38.98416579854637
MEAS_R000073,28.6,5.4,38.3,38.63323171753824
MEAS_R000074,33.9,8.0,38.5,38.6388147024368
MEAS_R000075,33.9,11.2,38.6,38.58485454538234
MEAS_R000076,30.6,9.0,39.0,38.7595483230013
MEAS_R000077,30.7,6.0,39.1,38.763540433481225
MEAS_R000078,30.6,5.4,38.9,38.67392221962339
MEAS_R000079,30.7,5.5,38.6,38.734075779691146
MEAS_R000080,28.7,5.4,38.9,38.6557088664675
MEAS_R000081,31.8,6.1,39.2,38.6344145942498
MEAS_R000082,32.2,6.9,38.0,38.56706193054092
MEAS_R000083,31.9,9.3,38.1,38.55843806382964
MEAS_R000084,33.0,8.8,38.3,38.50469413472642
MEAS_R000085,33.2,9.1,38.7,38.44785529455858
MEAS_R000086,32.1,9.0,39.4,38.68907333177586
MEAS_R000087,31.1,6.0,38.6,38.8824102210488
MEAS_R000088,31.8,5.5,38.8,38.65883484320667
MEAS_R000089,25.4,5.4,38.1,38.422021963000645
MEAS_R000090,25.3,5.0,38.3,38.31777963133626
MEAS_R000091,32.2,6.1,38.1,38.47284873307486
MEAS_R000092,29.7,6.9,38.1,38.53649365696457
MEAS_R000093,32.8,6.8,38.7,38.43270307893928
MEAS_R000094,31.3,9.3,38.2,38.51755239491003
MEAS_R000095,32.5,8.0,38.7,38.48604966164369
MEAS_R000096,31.2,8.8,39.0,38.37264100492538
MEAS_R000097,32.3,9.1,39.5,38.349995945455774
MEAS_R000098,33.3,11.2,38.0,38.60778592700649
MEAS_R000099,32.9,9.0,38.3,38.428889802633776
MEAS_R000100,31.5,6.0,38.2,38.44459143431168
MEAS_R000101,31.1,5.4,38.2,38.45424391259132
MEAS_R000102,32.1,5.5,38.5,38.36318433144928
MEAS_R000103,28.2,5.4,38.5,38.33679545673239
MEAS_R000104,30.4,5.0,38.5,38.22786300771914
MEAS_R000105,31.0,6.1,38.0,38.32472031694071
MEAS_R000106,31.6,6.8,38.1,38.1043841766802
MEAS_R000107,32.0,6.9,38.2,38.07633875932123
MEAS_R000108,30.8,8.0,37.5,38.17166639568383
MEAS_R000109,32.7,9.3,38.1,38.13325831082927
MEAS_R000110,33.2,8.8,38.0,38.15475444500058
MEAS_R000111,33.5,11.2,38.0,38.1147753458541
MEAS_R000112,32.1,9.0,39.0,38.43920586951219
MEAS_R000113,31.2,6.0,39.2,38.45389509373629
MEAS_R000114,31.5,5.4,38.8,38.374086271061294
MEAS_R000115,31.0,5.5,38.4,38.57597676179018
MEAS_R000116,30.7,5.4,38.3,38.994140447269245
MEAS_R000117,30.4,5.0,38.3,39.16966388038293
MEAS_R000118,32.6,6.1,39.4,38.80622540911842
MEAS_R000119,31.7,6.9,39.2,38.90863413744387
MEAS_R000120,33.2,6.8,39.0,38.93924676698183
MEAS_R000121,32.8,9.3,38.8,38.921226270008844
MEAS_R000122,33.0,8.0,38.9,38.92602258249424
MEAS_R000123,33.7,8.8,38.6,38.953036099359295
MEAS_R000124,32.4,11.2,39.1,38.91913710434464
MEAS_R000125,35.3,9.1,39.0,38.92724126909148
MEAS_R000126,32.1,9.0,39.1,39.23011069601368
MEAS_R000127,33.5,6.0,39.9,39.04730436558757
MEAS_R000128,33.8,5.4,39.4,39.084395173839376
MEAS_R000129,33.3,5.5,39.3,39.13139197864812
MEAS_R000130,28.2,13.1,38.1,38.23450038897976
MEAS_R000131,30.2,16.0,38.0,38.09940857770664
MEAS_R000132,30.8,18.3,37.9,38.125311975106186
MEAS_R000133,31.9,20.8,38.1,38.08073416569751
MEAS_R000134,32.6,22.0,38.1,38.12271842629136
MEAS_R000135,30.2,13.4,38.4,38.32401753785025
MEAS_R000136,30.7,11.8,39.1,38.19835703158087
MEAS_R000137,30.6,10.9,38.2,38.4117574320878
MEAS_R000138,29.6,10.9,38.1,38.40348456843965
MEAS_R000139,28.8,7.9,37.8,37.81600364140706
MEAS_R000140,27.6,3.5,37.6,37.61415823078586
MEAS_R000141,32.4,4.6,37.5,37.57004035585347
MEAS_R000142,30.6,9.4,37.6,37.65194033105964
MEAS_R000143,32.3,5.3,37.6,37.62034570034517
MEAS_R000144,31.2,8.8,37.5,37.580196878709
MEAS_R000145,32.9,5.5,37.6,37.66161835430108
MEAS_R000146,31.1,11.3,37.5,37.5908823678578
MEAS_R000147,31.0,8.6,37.5,37.55466557646991
MEAS_R000148,34.3,12.7,37.7,37.80268754600943
MEAS_R000149,30.1,9.5,37.7,37.719054006873
MEAS_R000150,30.6,4.5,37.6,37.7063816846527
MEAS_R000151,34.5,29.7,40.3,40.26257501351625
MEAS_R000152,36.6,36.5,40.2,40.16489906790218
MEAS_R000153,37.6,35.5,40.2,40.16903434317023
MEAS_R000154,38.6,37.4,40.2,40.187990029465695
MEAS_R000155,37.7,40.4,39.8,39.85413892185714
MEAS_R000156,39.9,38.3,40.3,40.23185814668927
MEAS_R000157,38.4,38.5,40.1,40.09057422856595
MEAS_R000158,37.3,36.7,40.3,40.216494608642655
MEAS_R000159,36.8,36.2,40.1,40.070018273812494
MEAS_R000160,37.2,37.5,40.1,40.12988398658676
MEAS_R000161,38.6,37.3,40.2,40.25629255445597
MEAS_R000162,37.2,34.8,40.3,40.28737176282005
MEAS_R000163,35.4,33.2,40.3,40.306765214885054
MEAS_R000164,33.6,2.9,38.3,38.34829996971686
MEAS_R000165,31.2,4.6,38.2,38.20697429992499
MEAS_R000166,32.1,6.5,38.1,38.11667994782451
MEAS_R000167,33.2,8.4,38.1,38.11657593059765
MEAS_R000168,36.6,9.3,38.1,38.1441347730041
MEAS_R000169,33.3,5.5,38.1,38.13263091588776
MEAS_R000170,34.3,10.8,38.1,38.12725914688117
MEAS_R000171,35.5,11.3,38.2,38.17575348820145
MEAS_R000172,35.0,9.6,38.2,38.18007928460969
MEAS_R000173,34.4,7.5,38.2,38.21207362768904
MEAS_R000174,31.6,3.5,38.3,38.28543378610041
MEAS_R000175,33.6,7.9,38.2,38.18401196052071
MEAS_R000176,27.8,6.9,40.1,39.97001328885465
MEAS_R000177,30.0,2.5,40.2,40.0979315357637
MEAS_R000178,32.0,6.6,40.3,40.24505025197847
MEAS_R000179,30.6,4.3,40.3,40.23115125278594
MEAS_R000180,31.0,5.4,40.3,40.2310464269987
MEAS_R000181,30.4,10.5,40.3,40.21752952181606
MEAS_R000182,31.7,11.8,40.2,40.13654929957802
MEAS_R000183,34.2,8.3,40.2,40.109798620563296
MEAS_R000184,32.5,11.7,40.2,40.12705085606956
MEAS_R000185,32.8,8.5,40.2,40.09283456282336
MEAS_R000186,32.2,3.5,40.2,40.15296876186318
MEAS_R000187,32.2,7.9,40.2,40.15675418447479
MEAS_R000188,30.6,3.0,40.1,40.00268270074507
MEAS_R000189,27.8,6.9,40.2,40.14459603841316
MEAS_R000190,30.4,3.9,38.8,38.80875806843834
MEAS_R000191,32.3,6.6,38.8,38.78721125879037
MEAS_R000192,30.8,4.4,38.8,38.812263217246326
MEAS_R000193,32.6,5.3,38.8,38.78816464952538
MEAS_R000194,32.9,8.8,38.8,38.75857094971322
MEAS_R000195,32.9,6.5,38.8,38.7669101220045
MEAS_R000196,32.7,11.7,38.8,38.76862085423866
MEAS_R000197,34.9,13.7,38.8,38.75602854433555
MEAS_R000198,36.0,10.6,38.8,38.78319353051002
MEAS_R000199,31.0,7.5,38.8,38.79232473380617
MEAS_R000200,32.4,7.5,38.8,38.75370817500504
MEAS_R000201,34.1,4.0,38.8,38.762340538286495
MEAS_R000202,29.2,13.6,39.4,39.382603763414345
MEAS_R000203,29.5,16.5,39.5,39.360184740985765
MEAS_R000204,31.5,16.8,39.5,39.36315615092318
MEAS_R000205,31.2,21.3,39.4,39.34331161377239
MEAS_R000206,31.9,24.5,39.4,39.371888734831295
MEAS_R000207,29.8,14.9,39.4,39.35796162027185
MEAS_R000208,31.4,14.3,39.4,39.38425430371758
MEAS_R000209,31.3,12.4,39.5,39.38200043947195
MEAS_R000210,30.0,8.4,39.4,39.40942921027592
MEAS_R000211,35.0,28.5,38.7,38.72658419037585
MEAS_R000212,37.5,32.6,38.6,38.59860480831958
MEAS_R000213,37.8,34.3,38.7,38.66805995105924
MEAS_R000214,35.5,31.2,38.6,38.59072218271349
MEAS_R000215,38.4,33.8,38.7,38.71228691822048
MEAS_R000216,37.8,33.0,38.6,38.58329894558052
MEAS_R000217,39.6,36.7,38.7,38.67479709955116
MEAS_R000218,39.0,34.2,38.6,38.59003902283588
MEAS_R000219,38.5,37.4,38.7,38.70992062422677
MEAS_R000220,38.0,32.9,38.6,38.61121467040434
MEAS_R000221,37.2,33.7,38.6,38.61352999185327
MEAS_R000222,37.3,32.3,38.6,38.5857755750245
MEAS_R000223,37.3,31.9,38.7,38.705646890433954
MEAS_R000224,38.7,32.6,38.7,38.79578096308249
MEAS_R000225,31.5,25.1,39.5,39.50936915328578
MEAS_R000226,36.8,31.0,39.5,39.43161779171739
MEAS_R000227,36.8,36.9,39.4,39.36696573295467
MEAS_R000228,38.9,41.3,39.5,39.48700013241723
MEAS_R000229,35.4,34.3,39.4,39.38655717460137
MEAS_R000230,35.7,34.8,39.5,39.50477940646744
MEAS_R000231,37.1,30.5,39.6,39.47907877189032
MEAS_R000232,34.1,25.0,39.5,39.48045560262915
MEAS_R000233,35.6,31.1,39.5,39.53024946825205
MEAS_R000234,31.6,21.1,39.5,39.53041001439894
MEAS_R000235,35.4,34.0,39.5,39.4757213695417
MEAS_R000236,36.2,36.9,39.4,39.37484126197481
MEAS_R000237,39.7,36.3,39.5,39.48485521690173
MEAS_R000238,29.7,26.0,37.8,37.83745030490542
MEAS_R000239,34.1,33.9,37.8,37.78078920371752
MEAS_R000240,35.4,31.0,37.9,37.90569985649121
MEAS_R000241,36.0,31.3,37.8,37.75042707177471
MEAS_R000242,38.4,33.6,37.9,37.91028845096068
MEAS_R000243,39.1,35.0,37.8,37.78325315602556
MEAS_R000244,34.3,33.6,38.2,38.23272282175874
MEAS_R000245,36.8,31.9,38.0,38.014087159101855
MEAS_R000246,35.4,29.3,37.8,37.84047013943663
MEAS_R000247,34.6,31.0,38.2,38.206834035636994
MEAS_R000248,33.6,31.4,37.8,37.8194126404395
MEAS_R000249,34.1,32.1,38.0,38.02411032214519
MEAS_R000250,34.0,27.5,37.8,37.82035073485833
MEAS_R000251,32.4,27.2,37.8,37.87640422054452
MEAS_R000252,34.4,30.1,40.1,39.8827874853818
MEAS_R000253,31.5,30.0,38.9,39.07702507568536
MEAS_R000254,38.1,37.8,39.4,39.17821458821589
MEAS_R000255,36.1,33.9,39.2,39.0052552296256
MEAS_R000256,38.2,37.7,39.0,39.3855728400228
MEAS_R000257,36.6,34.5,39.3,39.42844721561707
MEAS_R000258,35.9,33.0,39.1,39.431335753986886
MEAS_R000259,36.7,34.5,39.6,39.31162818129387
MEAS_R000260,36.7,34.4,39.4,39.42393153467011
MEAS_R000261,35.5,33.1,39.9,39.93882297635368
MEAS_R000262,36.0,32.9,39.3,39.46294898798658
MEAS_R000263,36.6,33.9,39.4,39.33620008278477
MEAS_R000264,35.3,32.3,40.0,39.91114325727593
MEAS_R000265,36.2,32.9,39.5,39.31942641434682
MEAS_R000266,34.8,31.4,39.8,39.98219791727493
MEAS_R000267,35.7,31.9,39.4,39.37841186089983
MEAS_R000268,32.0,27.4,39.6,39.57481237123374
MEAS_R000269,35.9,33.4,38.6,38.89601231941569
MEAS_R000270,35.8,34.1,39.2,39.1080397923249
MEAS_R000271,36.2,33.7,38.8,38.77757508581498
MEAS_R000272,37.7,36.9,39.1,39.164570050764205
MEAS_R000273,36.6,35.0,39.1,39.16318445574588
MEAS_R000274,37.0,35.5,39.5,39.13450673011752
MEAS_R000275,37.1,35.5,40.2,40.15372436792104
MEAS_R000276,38.2,37.8,39.5,39.1707800372686
MEAS_R000277,35.0,33.2,39.6,39.53825879993371
MEAS_R000278,36.6,34.3,38.6,39.52562623997917
MEAS_R000279,37.3,35.6,40.4,40.162986900548496
MEAS_R000280,34.5,32.1,39.5,39.59309060691188
MEAS_R000281,37.0,35.2,40.2,40.23367464348929
MEAS_R000282,33.9,30.9,39.5,39.58690274017714
MEAS_R000283,36.2,33.9,40.2,40.2091687906316
MEAS_R000284,32.1,23.6,40.4,40.48128783151133
MEAS_R000285,36.1,32.5,39.3,39.50972900835793
MEAS_R000286,37.2,35.4,39.4,39.57654117970543
MEAS_R000287,39.3,38.8,39.5,39.485336129073794
MEAS_R000288,36.1,32.8,39.5,39.700456742873534
MEAS_R000289,36.4,32.3,40.5,40.449886779422
MEAS_R000290,36.7,33.0,38.7,39.77693310528528
MEAS_R000291,33.4,26.5,40.8,40.44871504336906
MEAS_R000292,34.6,29.6,40.6,40.46819248013172
MEAS_R000293,34.1,30.2,40.3,40.37560265442457
MEAS_R000294,37.0,35.0,39.1,39.0737394965044
MEAS_R000295,36.6,35.0,39.0,39.10315407930406
MEAS_R000296,37.9,36.9,39.0,39.1297004122511
MEAS_R000297,38.4,37.9,39.7,39.52675447475752
MEAS_R000298,38.9,38.8,39.5,39.49208803299474
MEAS_R000299,37.4,36.0,39.5,39.88617220794381
MEAS_R000300,37.7,36.2,39.5,39.534911749816125
MEAS_R000301,37.5,35.7,39.8,39.727904708353634
MEAS_R000302,36.8,35.0,40.0,39.63350844075694
MEAS_R000303,38.2,36.8,39.4,39.57082865962544
MEAS_R000304,36.2,34.3,40.6,40.297904328562055
MEAS_R000305,35.0,32.7,40.5,40.35066153763437
MEAS_R000306,30.1,23.5,39.8,39.58175458342037
MEAS_R000307,35.1,31.4,38.5,39.3809631853851
MEAS_R000308,35.8,32.5,38.6,38.6415889221405
MEAS_R000309,35.3,31.8,39.3,39.09487559039079
MEAS_R000310,37.4,36.1,38.5,38.804887294935085
MEAS_R000311,38.1,36.5,39.7,39.050469018903605
MEAS_R000312,35.3,32.1,38.4,38.70346414183898
MEAS_R000313,36.4,33.4,38.9,39.683401766793
MEAS_R000314,34.4,30.8,39.4,39.63077531139514
MEAS_R000315,35.3,31.5,38.5,38.696917121676336
MEAS_R000316,34.0,29.9,39.4,39.606023957077895
MEAS_R000317,35.1,30.6,39.9,38.98758517532643
MEAS_R000318,33.3,28.0,39.6,39.65282635145154
MEAS_R000319,32.8,27.7,40.0,39.55880877842709
MEAS_R000320,31.7,26.6,38.9,38.98376079685174
MEAS_R000321,34.7,32.0,38.2,38.31493767523629
MEAS_R000322,34.7,32.2,39.7,38.32775995468516
MEAS_R000323,34.6,32.1,38.2,38.261491038852384
MEAS_R000324,34.9,32.4,38.5,38.70970777957372
MEAS_R000325,36.6,35.5,38.3,38.71172825518932
MEAS_R000326,36.9,35.6,38.2,38.289383381944006
MEAS_R000327,36.5,34.8,38.2,38.25051382340458
MEAS_R000328,36.9,35.3,38.0,38.74841118093251
MEAS_R000329,35.8,33.3,39.2,39.50847054028439
MEAS_R000330,35.5,33.2,38.5,38.54440950862738
MEAS_R000331,35.5,33.1,39.0,39.5497413709284
MEAS_R000332,35.6,33.0,39.7,39.32429465574798
MEAS_R000333,34.6,30.4,40.0,39.18232253530702
MEAS_R000334,35.1,32.4,38.5,38.544104628932686
MEAS_R000335,34.2,30.8,38.4,38.615639140425415
MEAS_R000336,35.0,31.4,38.8,39.01313350693029
MEAS_R000337,33.8,29.5,39.1,38.84143205673651
MEAS_R000338,35.7,29.0,40.1,39.242293252683375
MEAS_R000339,36.5,32.1,38.4,39.167718274389614
MEAS_R000340,37.4,32.8,39.8,39.79153628268916
MEAS_R000341,36.5,31.7,38.5,39.19293445579401
MEAS_R000342,37.4,33.3,40.0,39.72169561181447
MEAS_R000343,37.1,33.5,39.3,38.888011128838045
MEAS_R000344,39.2,37.2,39.9,39.78381748556095
MEAS_R000345,38.3,35.7,39.7,38.93295205369956
MEAS_R000346,38.9,35.9,39.7,39.866586757985495
MEAS_R000347,37.6,33.4,39.5,39.575884568606526
MEAS_R000348,37.6,34.2,39.7,39.51079614736948
MEAS_R000349,36.9,33.8,39.6,39.53245343465923
MEAS_R000350,36.9,32.4,39.3,39.50395013901141
MEAS_R000351,37.7,33.1,40.7,40.34494134678594
MEAS_R000352,35.0,28.7,39.2,39.420077927938
MEAS_R000353,35.2,30.1,39.4,39.58934523369181
MEAS_R000354,37.2,31.8,40.6,40.31415670152776
MEAS_R000355,34.9,27.6,38.3,39.7221247513858
MEAS_R000356,34.6,27.1,40.2,39.27460221334706
MEAS_R000357,29.3,20.6,39.3,39.07034054879736
MEAS_R000358,34.7,30.0,38.7,38.66765348477578
MEAS_R000359,35.2,30.9,38.6,38.73218700827266
MEAS_R000360,34.8,30.3,38.6,38.66085476944615
MEAS_R000361,35.8,32.1,39.3,39.01708990789916
MEAS_R000362,34.5,29.7,39.2,39.100021529772256
MEAS_R000363,34.8,29.8,38.5,38.73273008719494
MEAS_R000364,33.8,27.6,39.1,39.13374073271113
MEAS_R000365,33.0,25.7,39.1,39.15397154989684
MEAS_R000366,32.9,25.3,39.0,39.12809163340041
MEAS_R000367,36.1,34.0,38.0,38.42137957169963
MEAS_R000368,36.0,33.2,38.0,38.41123175904396
MEAS_R000369,36.9,34.5,38.6,38.35885553061499
MEAS_R000370,36.0,33.0,38.3,38.15149730663107
MEAS_R000371,37.1,35.1,38.3,38.4744756654698
MEAS_R000372,37.7,36.2,38.2,38.497932277388266
MEAS_R000373,38.2,37.2,38.4,38.16455008100219
MEAS_R000374,37.7,35.7,38.7,39.01381711985557
MEAS_R000375,36.7,33.9,38.2,38.61916225371512
MEAS_R000376,37.9,35.1,38.9,38.93769491931676
MEAS_R000377,35.4,31.9,40.4,40.49747280628085
MEAS_R000378,36.5,33.6,38.4,38.43736739670026
MEAS_R000379,38.1,35.1,39.2,38.88536934984072
MEAS_R000380,35.9,32.3,41.2,40.12433641799729
MEAS_R000381,36.3,33.3,38.5,38.47224714554269
MEAS_R000382,35.2,30.6,40.5,40.43111420173955
MEAS_R000383,34.0,28.8,40.2,40.544339411546034
MEAS_R000384,31.9,7.2,38.2,38.17449983726858
MEAS_R000385,30.7,11.2,38.3,38.32140267582233
MEAS_R000386,32.5,12.3,38.3,38.2813597016563
MEAS_R000387,35.3,14.4,38.2,38.18326343921559
MEAS_R000388,36.7,5.2,39.0,38.9974848257986
MEAS_R000389,34.2,4.8,39.0,38.95951355710191
MEAS_R000390,33.4,11.7,39.0,38.951721967203085
MEAS_R000391,34.8,8.0,39.0,38.95758220743542
MEAS_R000392,32.8,6.0,38.5,38.51603096774941
MEAS_R000393,34.1,10.9,38.6,38.585994850464246
MEAS_R000394,32.9,6.4,38.5,38.47848435006681
MEAS_R000395,32.0,8.0,38.5,38.52484970922801
MEAS_R000396,34.7,10.4,38.6,38.57121375293536
MEAS_R000397,29.6,4.9,37.6,37.721074258123366
MEAS_R000398,30.9,3.0,37.7,37.70381956018333
MEAS_R000399,28.8,2.9,37.7,37.7377200299681
MEAS_R000400,27.6,7.5,37.5,37.557792192477386
MEAS_R000401,32.1,7.6,37.6,37.68561476051828
MEAS_R000402,31.1,21.0,37.8,37.804617833930855
MEAS_R000403,35.8,28.9,37.7,37.7728509770419
MEAS_R000404,36.5,34.0,37.9,37.8944208117239
MEAS_R000405,36.3,32.3,37.7,37.78669975476072
MEAS_R000406,33.4,30.1,39.5,39.54635720345751
MEAS_R000407,29.3,25.1,39.6,39.59503282066812
MEAS_R000408,34.6,33.0,39.4,39.41297983589907
MEAS_R000409,34.7,33.3,38.7,38.67456975974314
MEAS_R000410,34.2,6.0,38.2,38.17032042882459
MEAS_R000411,33.9,7.9,38.2,38.194532125432616
MEAS_R000412,30.1,7.6,38.1,38.11691369698181
MEAS_R000413,33.5,7.5,38.1,38.11570128403706
MEAS_R000414,33.2,8.4,38.2,38.187762983729705
MEAS_R000415,35.9,33.8,39.7,39.742958291022624
MEAS_R000416,34.8,27.3,40.4,40.457444766874346
MEAS_R000417,35.7,32.0,40.4,40.462698445992885
MEAS_R000418,32.6,22.0,40.5,40.47327240537821
MEAS_R000419,35.6,31.7,39.6,39.52135783174498
MEAS_R000420,36.1,32.2,39.6,39.60264634364791
MEAS_R000421,39.8,40.4,39.5,39.54081711347908
MEAS_R000422,36.9,32.0,39.7,39.67574692172576
MEAS_R000423,34.0,28.2,38.7,38.73485302433805
MEAS_R000424,35.9,32.6,38.6,38.63162779542884
MEAS_R000425,36.2,31.3,38.8,38.721431778456974
MEAS_R000426,34.5,30.1,38.7,38.714035362000764
MEAS_R000427,31.2,14.2,38.3,38.32403914776832
MEAS_R000428,29.5,11.7,38.3,38.36603780680387
MEAS_R000429,31.1,8.5,38.4,38.39987346611426
MEAS_R000430,27.7,9.9,38.1,38.12491677552956
MEAS_R000431,29.1,16.8,38.2,38.18128145068849
MEAS_R000432,30.0,19.1,38.2,38.210220081236486
MEAS_R000433,30.8,20.0,38.1,38.09956814164461
MEAS_R000434,34.0,24.4,38.1,38.120746773809216
MEAS_R000435,37.1,35.2,39.5,39.56546291095555
MEAS_R000436,35.7,31.9,40.2,40.300305770011136
MEAS_R000437,35.5,35.9,40.3,40.30226367274688
MEAS_R000438,32.7,27.0,40.4,40.3960576955321
MEAS_R000439,35.3,30.5,39.0,39.00990491053967
MEAS_R000440,34.0,31.3,39.1,39.10278553377986
MEAS_R000441,35.3,31.4,38.7,38.73059275072066
MEAS_R000442,34.6,29.2,39.1,39.10713853140445
MEAS_R000443,34.4,24.9,39.1,39.122577945626816
MEAS_R000444,34.1,22.9,39.1,39.12693036271354
MEAS_R000445,28.5,18.2,39.1,39.07915613695136
MEAS_R000446,29.6,8.2,38.0,37.98613855523151
MEAS_R000447,30.5,7.7,38.3,38.330473296683856
MEAS_R000448,33.0,3.6,38.3,38.33374011283751
MEAS_R000449,32.8,6.1,38.3,38.28043804022599
MEAS_R000450,34.3,9.9,38.6,38.62818267115412
MEAS_R000451,33.5,5.8,38.7,38.65908266595222
MEAS_R000452,30.6,2.8,38.7,38.728651828571046
MEAS_R000453,31.0,2.3,38.8,38.78411707531313
MEAS_R000454,27.6,7.0,38.7,38.69431261818576
MEAS_R000455,31.0,4.5,38.7,38.68833739370905
MEAS_R000456,31.1,4.5,38.8,38.82201720133478
MEAS_R000457,30.8,11.7,38.6,38.56930277188376
MEAS_R000458,35.0,36.3,39.0,39.02061264314517
MEAS_R000459,39.3,40.9,39.4,39.39373567726283
MEAS_R000460,30.7,2.9,38.8,38.790932997788175
MEAS_R000461,32.7,4.6,38.8,38.7852170188762
MEAS_R000462,32.5,5.4,38.8,38.75720910224448
MEAS_R000463,34.0,6.3,38.8,38.74544365842894
MEAS_R000464,33.0,8.8,38.8,38.76094636630229
MEAS_R000465,36.8,31.3,39.4,39.40938018194648
MEAS_R000466,35.4,30.8,39.5,39.52406393746455
MEAS_R000467,37.4,32.5,39.5,39.602484665449495
MEAS_R000468,34.4,29.0,39.5,39.5156963958658
MEAS_R000469,38.4,32.0,40.2,40.22236047766026
MEAS_R000470,32.8,33.3,39.6,39.59055708000686
MEAS_R000471,30.7,9.4,38.3,38.3252779911731
MEAS_R000472,30.0,7.7,38.3,38.32669623380111
MEAS_R000473,27.2,10.1,38.3,38.31606102243042
MEAS_R000474,31.1,12.3,38.2,38.19067707524823
MEAS_R000475,31.6,12.8,38.2,38.20045183722284
MEAS_R000476,32.9,15.1,38.3,38.28439655637338
MEAS_R000477,31.8,23.2,38.2,38.21552726378018
MEAS_R000478,32.0,18.8,38.2,38.23593280560741
MEAS_R000479,32.5,8.6,38.4,38.42710968982385
MEAS_R000480,30.7,2.3,38.4,38.39539879611927
MEAS_R000481,25.5,4.6,38.4,38.3974744240924
MEAS_R000482,33.8,12.0,38.9,38.910764445237206
MEAS_R000483,36.7,8.3,38.9,38.91648022193691
MEAS_R000484,31.6,9.8,39.1,39.241073063127
MEAS_R000485,38.4,35.9,39.0,38.985284988854914
MEAS_R000486,27.5,12.6,39.4,39.38202028827656
MEAS_R000487,29.8,14.5,39.4,39.372495347533786
MEAS_R000488,31.5,15.8,39.4,39.38598698375559
MEAS_R000489,30.9,22.3,39.4,39.38615403807055
MEAS_R000490,31.6,20.5,39.3,39.29335495821761
MEAS_R000491,30.9,10.9,39.5,39.43266270830609
MEAS_R000492,31.1,11.3,39.5,39.42872532644621
MEAS_R000493,31.4,11.4,39.4,39.408737170824914
MEAS_R000494,32.1,3.1,38.6,38.65451987861657
MEAS_R000495,27.8,8.6,38.7,38.71575823782601
MEAS_R000496,35.0,10.4,38.7,38.70684028568878
MEAS_R000497,32.5,14.4,38.7,38.66943321313032
MEAS_R000498,31.4,8.2,38.7,38.68759068265531
MEAS_R000499,29.3,6.8,38.7,38.675278245241714
MEAS_R000500,31.5,6.2,38.6,38.573792279181376
MEAS_R000501,31.2,8.7,38.6,38.637086797778245
MEAS_R000502,28.1,7.8,38.7,38.68411747717046
MEAS_R000503,34.4,9.6,38.6,38.6195661221405
MEAS_R000504,31.6,8.7,39.0,38.991240177406986
MEAS_R000505,30.9,3.8,39.0,38.95445944336004
MEAS_R000506,30.1,7.7,38.6,38.6338688707066
MEAS_R000507,32.3,3.4,39.8,39.83921414107169
MEAS_R000508,30.5,6.1,38.8,38.6698909920872
MEAS_R000509,33.4,28.7,40.3,40.2753135586174
MEAS_R000510,36.6,37.5,40.2,40.20832507514194
MEAS_R000511,35.9,37.5,40.2,40.16062570202484
MEAS_R000512,37.5,38.4,40.2,40.13952941504468
MEAS_R000513,34.2,5.2,38.3,38.32318812939887
MEAS_R000514,34.6,10.9,38.4,38.396853197382256
MEAS_R000515,36.8,6.4,38.3,38.31262577621865
MEAS_R000516,35.0,6.4,38.3,38.274716972891646
MEAS_R000517,36.1,8.8,38.3,38.281265755076106
MEAS_R000518,30.0,6.5,40.3,40.23029057822883
MEAS_R000519,30.6,5.6,40.2,40.17493479024818
MEAS_R000520,32.3,8.3,40.3,40.23773587657366
