RecordID,MeasurementUnitID,RowID,CowKey,Source,FoldID,Actual,SourceMemoryPredicted,BatchSessionPredicted,HierarchicalResidualPredicted,Predicted,Residual
MEAS_R000005,MEAS_UNIT_000005,5,C021,S01,1,38.1,38.3181770064655,38.2622523450484,38.2635028557141,38.2405408031021,-0.14054080310209827
MEAS_R000006,MEAS_UNIT_000006,6,C021,S01,1,38.3,38.3383240914796,38.2863710848145,38.3610476655788,38.371122334076894,-0.07112233407689672
MEAS_R000010,MEAS_UNIT_000010,10,C003,S01,1,39.0,37.9973050901795,38.4483495801398,38.5202363086195,38.557779307257235,0.4422206927427652
MEAS_R000011,MEAS_UNIT_000011,11,C003,S01,1,38.8,38.5667310936872,38.5182856129038,38.5579803913555,38.5613943052221,0.2386056947778954
MEAS_R000019,MEAS_UNIT_000019,19,C003,S01,1,39.0,38.8126790386764,38.5739847802971,38.5836992199032,38.56745096555338,0.4325490344466232
MEAS_R000027,MEAS_UNIT_000027,27,C002,S01,1,39.2,39.0056662192797,39.0604211962398,38.9816030921138,38.95775226816498,0.2422477318350218
MEAS_R000029,MEAS_UNIT_000029,29,C002,S01,1,39.0,38.8584088193925,39.1144890148861,38.9816030921138,38.94529251574519,0.054707484254812755
MEAS_R000030,MEAS_UNIT_000030,30,C002,S01,1,38.9,38.8491620075873,39.0977390045266,38.9816030921138,38.95164003447553,-0.05164003447553256
MEAS_R000036,MEAS_UNIT_000036,36,C029,S01,1,38.1,38.2633417196641,38.3746525314246,38.3626797757814,38.34561963538651,-0.245619635386511
MEAS_R000043,MEAS_UNIT_000043,43,C029,S01,1,38.5,38.9662709996631,38.3800770721405,38.4272874932181,38.40457857845403,0.09542142154597144
MEAS_R000046,MEAS_UNIT_000046,46,C029,S01,1,38.9,38.1551401077763,38.3395708046306,38.3738850728568,38.37902750305496,0.520972496945042
MEAS_R000051,MEAS_UNIT_000051,51,C001,S01,1,38.0,38.3778800818008,38.2326909651827,38.2046108653384,38.1637537055166,-0.16375370551659785
MEAS_R000055,MEAS_UNIT_000055,55,C001,S01,1,38.4,38.2281123987314,38.1850390755787,38.2046108653384,38.18740915976338,0.21259084023662211
MEAS_R000057,MEAS_UNIT_000057,57,C001,S01,1,38.2,38.5329722197201,38.2793632826626,38.374723134954,38.38440959276835,-0.1844095927683469
MEAS_R000063,MEAS_UNIT_000063,63,C027,S01,1,38.7,39.7510910927236,39.4732394144625,39.9174358359242,40.12129087882785,-1.4212908788278469
MEAS_R000064,MEAS_UNIT_000064,64,C027,S01,1,38.5,39.2244753240636,38.985685337086,38.6837759853464,38.546734897762,-0.04673489776200057
MEAS_R000067,MEAS_UNIT_000067,67,C027,S01,1,38.6,38.670957378771,38.790578874248,38.6837759853464,38.640883735582776,-0.04088373558277425
MEAS_R000074,MEAS_UNIT_000074,74,C026,S01,1,38.5,38.6545893665793,38.6416353632785,38.6496363201955,38.64533154910078,-0.1453315491007814
MEAS_R000079,MEAS_UNIT_000079,79,C026,S01,1,38.6,38.707669242285,38.7781236883043,38.7360762782289,38.71870763920313,-0.1187076392031301
MEAS_R000081,MEAS_UNIT_000081,81,C016,S01,1,39.2,38.4981658324486,38.5586908370869,38.7083816407712,38.76611211740645,0.4338878825935524
MEAS_R000088,MEAS_UNIT_000088,88,C016,S01,1,38.8,38.3527087749004,38.6085387483057,38.6418091600687,38.65949561974395,0.14050438025604706
MEAS_R000091,MEAS_UNIT_000091,91,C022,S01,1,38.1,38.7973738450765,38.5063918990524,38.4259422041514,38.36559848651844,-0.2655984865184351
MEAS_R000095,MEAS_UNIT_000095,95,C022,S01,1,38.7,38.4810045420192,38.4995951715704,38.5331706983422,38.53628026650059,0.1637197334994127
MEAS_R000101,MEAS_UNIT_000101,101,C022,S01,1,38.2,38.2989052334611,38.4546133609197,38.4541102112544,38.44696063142348,-0.24696063142347668
MEAS_R000104,MEAS_UNIT_000104,104,C014,S01,1,38.5,38.4229229490814,38.3321707146931,38.3011988997818,38.265160679662785,0.23483932033721544
MEAS_R000109,MEAS_UNIT_000109,109,C014,S01,1,38.1,37.8832874833303,38.2015737693867,38.1294591778514,38.08930608189027,0.010693918109730305
MEAS_R000111,MEAS_UNIT_000111,111,C014,S01,1,38.0,38.0442668184926,38.2332122261559,38.1294591778514,38.07080990885004,-0.07080990885003757
MEAS_R000117,MEAS_UNIT_000117,117,C023,S01,1,38.3,39.6133214807101,39.1251791230833,39.1433701645062,39.13950891301308,-0.8395089130130842
MEAS_R000125,MEAS_UNIT_000125,125,C023,S01,1,39.0,38.5561809465103,38.9284961545502,38.9532406928189,38.984106979414506,0.015893020585494355
MEAS_R000128,MEAS_UNIT_000128,128,C023,S01,1,39.4,39.5610416356355,39.2697517604517,39.0767976838037,38.995142282212434,0.4048577177875643
MEAS_R000132,MEAS_UNIT_000132,132,C011,S01,1,37.9,37.9818236808558,38.1172549011658,38.157242971195,38.15456667386362,-0.2545666738636214
MEAS_R000137,MEAS_UNIT_000137,137,C011,S01,1,38.2,38.7031073744274,38.4128941605329,38.423861611087,38.399976927490926,-0.19997692749092266
MEAS_R000141,MEAS_UNIT_000141,141,C004,S01,1,37.5,37.772980511931,37.6200407608019,37.6208853319985,37.57004035585347,-0.07004035585347168
MEAS_R000142,MEAS_UNIT_000142,142,C004,S01,1,37.6,37.6908417992982,37.6260202182853,37.6900294997716,37.67090852224315,-0.07090852224315114
MEAS_R000144,MEAS_UNIT_000144,144,C004,S01,1,37.5,37.5,37.5615515433178,37.6208853319985,37.60311764110765,-0.10311764110765154
MEAS_R000150,MEAS_UNIT_000150,150,C004,S01,1,37.6,37.5925975595094,37.7254403802411,37.8296831505918,37.840656107342824,-0.24065610734282217
MEAS_R000154,MEAS_UNIT_000154,154,C028,S01,1,40.2,40.1654750770294,40.1720793414777,40.1668596417516,40.2132273390652,-0.01322733906519602
MEAS_R000155,MEAS_UNIT_000155,155,C028,S01,1,39.8,40.1267998888124,39.8825839610253,39.7589525167223,39.731866777527486,0.06813322247251108
MEAS_R000164,MEAS_UNIT_000164,164,C008,S01,1,38.3,38.6214658907507,38.2822247590216,38.3870067013799,38.39701849907214,-0.0970184990721421
MEAS_R000170,MEAS_UNIT_000170,170,C008,S01,1,38.1,38.3730264378323,38.1137862070986,38.1497205269127,38.12725914688117,-0.027259146881171148
MEAS_R000171,MEAS_UNIT_000171,171,C008,S01,1,38.2,38.1035046073749,38.1622992353695,38.2472791068346,38.262359599943395,-0.062359599943391686
MEAS_R000173,MEAS_UNIT_000173,173,C008,S01,1,38.2,38.6070077853803,38.2398807494897,38.2472791068346,38.212073627689044,-0.012073627689041189
MEAS_R000178,MEAS_UNIT_000178,178,C030,S01,1,40.3,40.3275355152799,40.2840290020071,40.1756054334281,40.17881290438048,0.12118709561951846
MEAS_R000180,MEAS_UNIT_000180,180,C030,S01,1,40.3,40.5026750776987,40.2627392544728,40.1756054334281,40.17840748105631,0.12159251894368595
MEAS_R000182,MEAS_UNIT_000182,182,C030,S01,1,40.2,40.3116786973481,40.1925544841235,40.0863131028089,40.083722833301756,0.1162771666982465
MEAS_R000183,MEAS_UNIT_000183,183,C030,S01,1,40.2,39.874421293407,40.2707350445005,40.0040011725623,39.95771333659658,0.2422866634034193
MEAS_R000190,MEAS_UNIT_000190,190,C018,S01,1,38.8,38.6893764087582,38.8705380316277,38.7888650704396,38.76261040209818,0.0373895979018144
MEAS_R000199,MEAS_UNIT_000199,199,C018,S01,1,38.8,38.833560078181,38.8300232241345,38.7894467598627,38.771247777234095,0.028752222765902502
MEAS_R000204,MEAS_UNIT_000204,204,C025,S01,1,39.5,39.2983011135069,39.3569502848456,39.3511876011691,39.370095082273686,0.1299049177263143
MEAS_R000205,MEAS_UNIT_000205,205,C025,S01,1,39.4,39.0570223782452,39.3505140124619,39.3511876011691,39.383312111945045,0.016687888054953248
MEAS_R000215,MEAS_UNIT_000215,215,C010,S01,1,38.7,38.7505364802472,38.7014254979161,38.7169325236933,38.71642775389202,-0.01642775389201745
MEAS_R000218,MEAS_UNIT_000218,218,C010,S01,1,38.6,38.5714443278671,38.549511004395,38.6075216401191,38.621248434529505,-0.021248434529503868
MEAS_R000219,MEAS_UNIT_000219,219,C010,S01,1,38.7,38.7325325379343,38.689447559523,38.7191057469454,38.72460312297944,-0.024603122979435454
MEAS_R000220,MEAS_UNIT_000220,220,C010,S01,1,38.6,38.6122938008656,38.5836966723703,38.6267249973386,38.63486469644613,-0.03486469644612811
MEAS_R000226,MEAS_UNIT_000226,226,C019,S01,1,39.5,39.3251972185906,39.4341808416995,39.4917403309837,39.54331326488652,-0.0433132648865211
MEAS_R000233,MEAS_UNIT_000233,233,C019,S01,1,39.5,39.6230802552149,39.5596886514064,39.4990636194157,39.49590024016202,0.004099759837977501
MEAS_R000236,MEAS_UNIT_000236,236,C019,S01,1,39.4,39.3275446341557,39.3954582128406,39.3823401049669,39.39986146049143,0.00013853950856912434
MEAS_R000239,MEAS_UNIT_000239,239,C005,S01,1,37.8,37.9820068618309,37.7913304011253,37.8110153062304,37.77288207020169,0.027117929798308182
MEAS_R000242,MEAS_UNIT_000242,242,C005,S01,1,37.9,38.0490647015753,37.9653306444759,37.9517480996102,37.91028845096068,-0.01028845096067954
MEAS_R000249,MEAS_UNIT_000249,249,C005,S01,1,38.0,38.2727203291311,37.9702911084715,38.0670214487239,38.06387433181917,-0.06387433181917146
MEAS_R000257,MEAS_UNIT_000257,257,C017,S01,1,39.3,39.4537755863262,39.4363735452086,39.4391836354851,39.46125955277999,-0.16125955277999537
MEAS_R000260,MEAS_UNIT_000260,260,C017,S01,1,39.4,39.4623592720666,39.4269270544441,39.4429654079763,39.469642713369936,-0.06964271336993733
MEAS_R000264,MEAS_UNIT_000264,264,C017,S01,1,40.0,39.8543730492481,39.8627036898111,39.9623739492863,40.04327747634984,-0.043277476349842914
MEAS_R000266,MEAS_UNIT_000266,266,C017,S01,1,39.8,39.9708516433932,39.9169035340664,39.9624822598309,40.01896926268773,-0.21896926268773598
MEAS_R000271,MEAS_UNIT_000271,271,C020,S01,1,38.8,38.6826356513295,38.9091577200282,38.6747195581349,38.585384933456275,0.21461506654372187
MEAS_R000274,MEAS_UNIT_000274,274,C020,S01,1,39.5,39.5844619558503,39.5661920378132,39.4897193628791,39.48193516049293,0.018064839507069053
MEAS_R000278,MEAS_UNIT_000278,278,C020,S01,1,38.6,39.5555304317536,39.6276204415295,39.4926360295458,39.46569270003582,-0.8656927000358152
MEAS_R000281,MEAS_UNIT_000281,281,C020,S01,1,40.2,40.2156059064414,40.2377247530283,40.2123535384741,40.25302993430217,-0.05302993430216674
MEAS_R000285,MEAS_UNIT_000285,285,C009,S01,1,39.3,39.3863917097363,39.4149255031959,39.5036982426591,39.564520108330015,-0.26452010833001793
MEAS_R000288,MEAS_UNIT_000288,288,C009,S01,1,39.5,39.729492237525,39.677422798691,39.7115030350569,39.75437552551001,-0.25437552551000664
MEAS_R000296,MEAS_UNIT_000296,296,C012,S01,1,39.0,39.0985148272414,39.1989395103529,39.0800822102927,39.04588977471319,-0.04588977471318856
MEAS_R000297,MEAS_UNIT_000297,297,C012,S01,1,39.7,39.468781454274,39.5169217805029,39.5457215976772,39.58501242107369,0.11498757892631062
MEAS_R000298,MEAS_UNIT_000298,298,C012,S01,1,39.5,39.4315868282749,39.4713457999443,39.4685799594734,39.492088032994744,0.007911967005256315
MEAS_R000308,MEAS_UNIT_000308,308,C006,S01,1,38.6,38.5894498100388,38.7912128131459,38.5870642658171,38.50551945368392,0.09448054631608471
MEAS_R000313,MEAS_UNIT_000313,313,C006,S01,1,38.9,39.0985549129501,39.0066265843671,39.2694741659308,39.385835931112396,-0.48583593111239765
MEAS_R000317,MEAS_UNIT_000317,317,C006,S01,1,39.9,39.3969931218395,39.1449381306112,39.2757054930658,39.33229856852916,0.5677014314708373
MEAS_R000321,MEAS_UNIT_000321,321,C015,S01,1,38.2,38.3334611983986,38.2376091185196,38.2416626231232,38.2172168425528,-0.01721684255279854
MEAS_R000325,MEAS_UNIT_000325,325,C015,S01,1,38.3,38.6987260652104,38.5371242508656,38.7411304127448,38.81166492089836,-0.5116649208983617
MEAS_R000336,MEAS_UNIT_000336,336,C015,S01,1,38.8,38.940911216834,38.9583120446122,38.930649356859,38.92368030414139,-0.12368030414139497
MEAS_R000337,MEAS_UNIT_000337,337,C015,S01,1,39.1,38.9791843617833,38.8864265989737,38.9307576674036,38.947542800252634,0.15245719974736716
MEAS_R000346,MEAS_UNIT_000346,346,C007,S01,1,39.7,39.7435567787355,39.8696747095391,39.8633295380054,39.903650406346785,-0.20365040634678166
MEAS_R000347,MEAS_UNIT_000347,347,C007,S01,1,39.5,39.5813836865251,39.5639240137329,39.554507497414,39.575884568606526,-0.0758845686065257
MEAS_R000350,MEAS_UNIT_000350,350,C007,S01,1,39.3,39.4796655433033,39.5107623938196,39.4503170614149,39.449740182969606,-0.14974018296960878
MEAS_R000351,MEAS_UNIT_000351,351,C007,S01,1,40.7,40.3926358186124,40.1863229870992,40.4484655672119,40.602148807032734,0.09785119296726918
MEAS_R000364,MEAS_UNIT_000364,364,C013,S01,1,39.1,39.1018227946183,39.1601524107224,39.1534788083354,39.16483269690376,-0.06483269690375693
MEAS_R000366,MEAS_UNIT_000366,366,C013,S01,1,39.0,39.2141657923891,39.1429554829964,39.1653691493608,39.18289504798001,-0.18289504798001133
MEAS_R000369,MEAS_UNIT_000369,369,C024,S01,1,38.6,38.3081782745145,38.3685062556015,38.3167009924337,38.279756964590476,0.3202430354095256
MEAS_R000370,MEAS_UNIT_000370,370,C024,S01,1,38.3,38.1143960161694,38.2138460239041,38.0761769634659,37.99799491956679,0.3020050804332044
MEAS_R000373,MEAS_UNIT_000373,373,C024,S01,1,38.4,38.1107695471923,38.3037693518305,38.0730684484292,37.961870548775636,0.43812945122436275
MEAS_R000375,MEAS_UNIT_000375,375,C024,S01,1,38.2,38.5949749775477,38.5529885484876,38.5102779100759,38.47935178497882,-0.2793517849788145
MEAS_R000386,MEAS_UNIT_000386,386,C001,S01,1,38.3,38.3442841625715,38.2084496643857,38.3412225862412,38.36997059327756,-0.06997059327756006
MEAS_R000389,MEAS_UNIT_000389,389,C002,S01,1,39.0,39.0436107096779,38.9440513487685,38.9816030921138,38.99721842910906,0.002781570890938667
MEAS_R000391,MEAS_UNIT_000391,391,C002,S01,1,39.0,38.8326615485491,38.9472296888291,38.9816030921138,39.00565750629366,-0.005657506293658798
MEAS_R000405,MEAS_UNIT_000405,405,C005,S01,1,37.7,37.9181288448524,37.812860521548,37.8110153062304,37.76815806101608,-0.06815806101607791
MEAS_R000409,MEAS_UNIT_000409,409,C006,S01,1,38.7,38.5300364634812,38.8481273466836,38.5723776781411,38.46698606165275,0.2330139383472556
MEAS_R000419,MEAS_UNIT_000419,419,C009,S01,1,39.6,39.5198782916899,39.4515522388549,39.5051894138229,39.547645571328374,0.05235442867162732
MEAS_R000422,MEAS_UNIT_000422,422,C009,S01,1,39.7,39.6915766851331,39.5725284114393,39.7153590843682,39.79875511930326,-0.09875511930325587
MEAS_R000428,MEAS_UNIT_000428,428,C011,S01,1,38.3,38.5262644861214,38.3473443128366,38.3952220133982,38.39008068558909,-0.09008068558909343
MEAS_R000432,MEAS_UNIT_000432,432,C011,S01,1,38.2,38.5851536699337,38.2195590393682,38.2402875571653,38.210220081236486,-0.01022008123648277
MEAS_R000442,MEAS_UNIT_000442,442,C013,S01,1,39.1,39.1563209640806,39.0897450009639,39.1530737550681,39.18669950445562,-0.08669950445561625
MEAS_R000444,MEAS_UNIT_000444,444,C013,S01,1,39.1,39.2049050528606,39.131793448394,39.1534788083354,39.170196185068974,-0.07019618506897274
MEAS_R000446,MEAS_UNIT_000446,446,C014,S01,1,38.0,37.5,38.0963672893887,38.1294591778514,38.14391896785632,-0.1439189678563224
MEAS_R000453,MEAS_UNIT_000453,453,C016,S01,1,38.8,38.4444700375859,38.7029474061725,38.8387811836999,38.90468632819383,-0.10468632819383572
MEAS_R000455,MEAS_UNIT_000455,455,C016,S01,1,38.7,38.8311880619204,38.7449937390063,38.7083816407712,38.6850759004525,0.014924099547499736
MEAS_R000461,MEAS_UNIT_000461,461,C018,S01,1,38.8,38.7489409703674,38.819745951062,38.7960684743068,38.788227489275954,0.011772510724043173
MEAS_R000464,MEAS_UNIT_000464,464,C018,S01,1,38.8,38.7992462171872,38.7556391238544,38.7809702809656,38.786961589860994,0.013038410139003531
MEAS_R000468,MEAS_UNIT_000468,468,C019,S01,1,39.5,39.494452263977,39.4929178043875,39.497021952749,39.52243305903558,-0.022433059035577685
MEAS_R000469,MEAS_UNIT_000469,469,C020,S01,1,40.2,40.149408296951,40.2200884732026,40.2316255950248,40.28993931068607,-0.08993931068606997
MEAS_R000478,MEAS_UNIT_000478,478,C021,S01,1,38.2,38.2804345538833,38.2152954919764,38.2635028557141,38.25887128307093,-0.05887128307092837
MEAS_R000479,MEAS_UNIT_000479,479,C022,S01,1,38.4,38.5777525241041,38.4426765999224,38.3953357993333,38.354168963332526,0.04583103666747235
MEAS_R000483,MEAS_UNIT_000483,483,C023,S01,1,38.9,38.9219478390654,38.8931400783463,38.9532406928189,38.98003738471797,-0.08003738471796851
MEAS_R000491,MEAS_UNIT_000491,491,C025,S01,1,39.5,39.9022313965013,39.4022804604528,39.3414125193972,39.312637898198794,0.18736210180120594
MEAS_R000492,MEAS_UNIT_000492,492,C025,S01,1,39.5,39.8700024884096,39.418150879996,39.3414125193972,39.30848211027293,0.1915178897270735
MEAS_R000494,MEAS_UNIT_000494,494,C026,S01,1,38.6,39.0019184034282,38.7309622659226,38.6138341729658,38.546573097740925,0.053426902259076314
MEAS_R000496,MEAS_UNIT_000496,496,C026,S01,1,38.7,38.8213937712815,38.7009075954266,38.7338548764491,38.7376915576427,-0.03769155764269527
MEAS_R000501,MEAS_UNIT_000501,501,C026,S01,1,38.6,38.7222816075532,38.6978476060904,38.6138341729658,38.5709714123101,0.029028587689900576
MEAS_R000503,MEAS_UNIT_000503,503,C026,S01,1,38.6,38.4235045209255,38.673256637137,38.6496363201955,38.644616799971665,-0.04461679997166357
MEAS_R000507,MEAS_UNIT_000507,507,C027,S01,1,39.8,39.3797287449026,39.5691991678676,39.9174358359242,40.104164855094226,-0.3041648550942284
MEAS_R000508,MEAS_UNIT_000508,508,C027,S01,1,38.8,39.1343379006255,39.0048237726429,38.6837759853464,38.54404791619845,0.2559520838015459
MEAS_R000509,MEAS_UNIT_000509,509,C028,S01,1,40.3,40.2122434391918,40.2545634594311,40.2609456432509,40.31697948974579,-0.01697948974579333
MEAS_R000510,MEAS_UNIT_000510,510,C028,S01,1,40.2,40.0931314784922,40.2019823429776,40.1685323894342,40.20832507514194,-0.00832507514193992
MEAS_R000003,MEAS_UNIT_000003,3,C021,S01,2,38.2,38.194973001233,38.1841810928859,38.2272774191285,38.2119624194653,-0.011962419465298524
MEAS_R000004,MEAS_UNIT_000004,4,C021,S01,2,38.4,38.0550409890505,38.1674398751422,38.2272774191285,38.20891178261323,0.1910882173867705
MEAS_R000013,MEAS_UNIT_000013,13,C003,S01,2,38.4,38.5933968133255,38.5445490996576,38.556544517428,38.54955871028048,-0.1495587102804805
MEAS_R000018,MEAS_UNIT_000018,18,C003,S01,2,38.5,38.5087074405747,38.5928058276198,38.556544517428,38.55833862961564,-0.058338629615640514
MEAS_R000021,MEAS_UNIT_000021,21,C003,S01,2,38.0,38.9070247076197,38.7877844587768,38.6072052914066,38.63568394799033,-0.63568394799033
MEAS_R000023,MEAS_UNIT_000023,23,C002,S01,2,39.5,38.9555540728174,39.2638578657766,39.0716670169465,39.106009648793965,0.3939903512060354
MEAS_R000025,MEAS_UNIT_000025,25,C002,S01,2,38.5,39.086801440898,39.0916062045694,39.0519102999939,39.05834443615515,-0.5583444361551528
MEAS_R000032,MEAS_UNIT_000032,32,C002,S01,2,39.7,39.4464336310801,39.2426844698157,39.3198340797035,39.30717626107811,0.3928237389218907
MEAS_R000039,MEAS_UNIT_000039,39,C029,S01,2,38.1,38.3578641764582,38.2458177832357,38.3281594195645,38.30652104807198,-0.20652104807197702
MEAS_R000040,MEAS_UNIT_000040,40,C029,S01,2,38.5,38.335686128577,38.2909300820299,38.3281594195645,38.31473044899214,0.18526955100786324
MEAS_R000044,MEAS_UNIT_000044,44,C029,S01,2,38.4,38.2756675273658,38.5115174245909,38.4255705794897,38.435343216500556,-0.03534321650055716
MEAS_R000052,MEAS_UNIT_000052,52,C001,S01,2,38.0,38.1944650280851,38.2098573556249,38.2685749426192,38.250750382933184,-0.25075038293318386
MEAS_R000054,MEAS_UNIT_000054,54,C001,S01,2,38.0,38.2829823566879,38.2701927702338,38.2685749426192,38.26173332727447,-0.2617333272744702
MEAS_R000059,MEAS_UNIT_000059,59,C001,S01,2,38.1,38.3176477771983,38.4071064217857,38.2769540163724,38.293573100295774,-0.19357310029577235
MEAS_R000068,MEAS_UNIT_000068,68,C027,S01,2,38.5,39.0895711850138,39.0024241524885,38.8423915724191,38.869034580003444,-0.3690345800034436
MEAS_R000069,MEAS_UNIT_000069,69,C027,S01,2,38.5,38.8841008135207,38.9741322669436,38.8423915724191,38.86388000678501,-0.36388000678500987
MEAS_R000072,MEAS_UNIT_000072,72,C027,S01,2,38.2,39.1545446705331,39.1503600842373,38.9610915267577,38.99401523220015,-0.7940152322001452
MEAS_R000076,MEAS_UNIT_000076,76,C026,S01,2,39.0,38.6929929105707,38.5959557452455,38.6574655459893,38.64228604640944,0.3577139535905616
MEAS_R000077,MEAS_UNIT_000077,77,C026,S01,2,39.1,38.930017429272,38.6587168945795,38.6574655459893,38.65371458166453,0.44628541833547075
MEAS_R000084,MEAS_UNIT_000084,84,C016,S01,2,38.3,38.3708666838119,38.5796135724904,38.5266651360335,38.53125111245904,-0.2312511124590415
MEAS_R000086,MEAS_UNIT_000086,86,C016,S01,2,39.4,38.6993399851327,38.6703513182072,38.6804022399822,38.67477311145,0.7252268885499973
MEAS_R000089,MEAS_UNIT_000089,89,C022,S01,2,38.1,38.6233670321085,38.3913311224078,38.4846704310511,38.462301417948986,-0.3623014179489843
MEAS_R000094,MEAS_UNIT_000094,94,C022,S01,2,38.2,38.6083866358487,38.3833954863362,38.5533023722375,38.51755239491003,-0.31755239491002385
MEAS_R000102,MEAS_UNIT_000102,102,C022,S01,2,38.5,38.4912901990682,38.5716121342379,38.396733118271,38.42246378429282,0.07753621570717684
MEAS_R000106,MEAS_UNIT_000106,106,C014,S01,2,38.1,38.1480604214837,38.2681960516909,38.2210534152827,38.22210951685784,-0.1221095168578401
MEAS_R000108,MEAS_UNIT_000108,108,C014,S01,2,37.5,38.1564693364473,38.1781558111861,38.2210534152827,38.20572326663721,-0.7057232666372073
MEAS_R000112,MEAS_UNIT_000112,112,C014,S01,2,39.0,38.5880577429635,38.4212334396413,38.6128163284065,38.57360138700979,0.4263986129902122
MEAS_R000116,MEAS_UNIT_000116,116,C023,S01,2,38.3,38.6464834865278,39.049210642052,39.0028266263126,39.01006945933415,-0.7100694593341501
MEAS_R000122,MEAS_UNIT_000122,122,C023,S01,2,38.9,38.9499420194257,38.9739934065582,39.0436722386749,39.0301308844024,-0.13013088440240494
MEAS_R000123,MEAS_UNIT_000123,123,C023,S01,2,38.6,38.9706738651694,39.0843928588398,39.0436722386749,39.05022313166927,-0.45022313166926864
MEAS_R000130,MEAS_UNIT_000130,130,C011,S01,2,38.1,38.4883608803316,38.2441230087289,38.2471196250608,38.23927073536379,-0.13927073536378742
MEAS_R000135,MEAS_UNIT_000135,135,C011,S01,2,38.4,38.7428609666639,38.1858142358904,38.2929889541599,38.26655798300459,0.13344201699541003
MEAS_R000139,MEAS_UNIT_000139,139,C004,S01,2,37.8,38.3014335189787,37.6702071857763,37.7915501478783,37.75848050417621,0.04151949582378478
MEAS_R000140,MEAS_UNIT_000140,140,C004,S01,2,37.6,38.2564278705109,37.5977048618942,37.5909982556648,37.579612214937235,0.020387785062766284
MEAS_R000146,MEAS_UNIT_000146,146,C004,S01,2,37.5,37.8739131414411,37.597736541318,37.5909982556648,37.57960734299731,-0.07960734299731342
MEAS_R000151,MEAS_UNIT_000151,151,C028,S01,2,40.3,40.3216522974528,40.3087478514422,40.2938974938646,40.305870362438846,-0.005870362438848531
MEAS_R000152,MEAS_UNIT_000152,152,C028,S01,2,40.2,40.1065266874124,40.2030993966357,40.1311241599865,40.15217323940871,0.04782676059129187
MEAS_R000157,MEAS_UNIT_000157,157,C028,S01,2,40.1,40.0714938802055,40.1132588736716,40.0698579410829,40.0852112125045,0.014788787495504607
MEAS_R000169,MEAS_UNIT_000169,169,C008,S01,2,38.1,38.1878014939983,38.1940101498975,38.1615154352132,38.15942623123254,-0.05942623123253554
MEAS_R000172,MEAS_UNIT_000172,172,C008,S01,2,38.2,38.1552482181343,38.1022138949751,38.2187810251709,38.19002533178589,0.00997466821411308
MEAS_R000176,MEAS_UNIT_000176,176,C030,S01,2,40.1,39.1997634216456,40.362087465619,39.9272846208741,40.0126942126676,0.08730578733240435
MEAS_R000188,MEAS_UNIT_000188,188,C030,S01,2,40.1,39.1892835449808,40.3070779408718,39.9272846208741,40.00268270074507,0.09731729925493227
MEAS_R000189,MEAS_UNIT_000189,189,C030,S01,2,40.2,39.4418374886983,40.3443083137723,40.1485400397001,40.19224040441269,0.00775959558730932
MEAS_R000192,MEAS_UNIT_000192,192,C018,S01,2,38.8,38.8431190326689,38.8808109689416,38.8007850453815,38.81252486172786,-0.012524861727861492
MEAS_R000193,MEAS_UNIT_000193,193,C018,S01,2,38.8,38.8480529220694,38.8127690653247,38.8007850453815,38.800142007029386,-0.00014200702938893528
MEAS_R000195,MEAS_UNIT_000195,195,C018,S01,2,38.8,38.7132046366785,38.730045801487,38.8007850453815,38.78508339450473,0.014916605495265856
MEAS_R000200,MEAS_UNIT_000200,200,C018,S01,2,38.8,38.4968581587684,38.7397275813005,38.7914576858541,38.77913420878281,0.02086579121719012
MEAS_R000207,MEAS_UNIT_000207,207,C025,S01,2,39.4,39.0535891780728,39.4223678880883,39.3481191272514,39.363231809135,0.03676819086499705
MEAS_R000210,MEAS_UNIT_000210,210,C025,S01,2,39.4,38.7607570019479,39.4603995492991,39.4200795080624,39.429590242545935,-0.029590242545936007
MEAS_R000212,MEAS_UNIT_000212,212,C010,S01,2,38.6,38.652859183561,38.5938557599589,38.6271420851683,38.61685309005748,-0.016853090057480813
MEAS_R000213,MEAS_UNIT_000213,213,C010,S01,2,38.7,38.6954106231538,38.6731988411749,38.6923799843032,38.68518582275208,0.014814177247920668
MEAS_R000214,MEAS_UNIT_000214,214,C010,S01,2,38.6,38.571540329082,38.5949231802725,38.6241399184203,38.614565053562984,-0.014565053562982655
MEAS_R000221,MEAS_UNIT_000221,221,C010,S01,2,38.6,38.6294319472965,38.5963507909321,38.6387461300873,38.626892402573056,-0.02689240257305414
MEAS_R000230,MEAS_UNIT_000230,230,C019,S01,2,39.5,39.494399194601,39.4987213528111,39.460576774942,39.47003891487168,0.02996108512832052
MEAS_R000234,MEAS_UNIT_000234,234,C019,S01,2,39.5,39.5341560293749,39.5463638476722,39.5290231250397,39.535252802083235,-0.035252802083235224
MEAS_R000237,MEAS_UNIT_000237,237,C019,S01,2,39.5,39.4532712247882,39.4964532417888,39.4805232660065,39.486102431603186,0.013897568396814108
MEAS_R000238,MEAS_UNIT_000238,238,C005,S01,2,37.8,37.9342779075242,37.8321904245497,37.8514722588506,37.83745030490542,-0.037450304905419785
MEAS_R000244,MEAS_UNIT_000244,244,C005,S01,2,38.2,38.2890434513142,38.2024135992825,38.1774607091242,38.17413049845899,0.025869501541009754
MEAS_R000248,MEAS_UNIT_000248,248,C005,S01,2,37.8,37.9193269788559,37.82481839731,37.8578267815557,37.84135760520646,-0.04135760520646414
MEAS_R000252,MEAS_UNIT_000252,252,C017,S01,2,40.1,39.9266289707184,39.881320099354,39.8192437991387,39.83596868015205,0.2640313198479518
MEAS_R000259,MEAS_UNIT_000259,259,C017,S01,2,39.6,39.3135766799643,39.3217023069419,39.3078196602339,39.31162818129387,0.28837181870613193
MEAS_R000265,MEAS_UNIT_000265,265,C017,S01,2,39.5,39.3475260017269,39.3222642107986,39.3460593259451,39.34332048287218,0.15667951712782013
MEAS_R000269,MEAS_UNIT_000269,269,C020,S01,2,38.6,38.7926630130013,38.9155705637026,38.9322554159285,38.92745467596239,-0.327454675962386
MEAS_R000270,MEAS_UNIT_000270,270,C020,S01,2,39.2,39.0457088950713,39.0097390090581,39.1428039301457,39.118529811249104,0.08147018875089884
MEAS_R000276,MEAS_UNIT_000276,276,C020,S01,2,39.5,39.1720634746287,39.419754060258,39.1745105211001,39.21934448190156,0.2806555180984418
MEAS_R000286,MEAS_UNIT_000286,286,C009,S01,2,39.4,39.9125265329835,39.5010128079982,39.6771739596955,39.649394582844714,-0.24939458284471527
MEAS_R000290,MEAS_UNIT_000290,290,C009,S01,2,38.7,40.0148809462162,39.8683397079182,39.8285674247384,39.84131090262875,-1.1413109026287458
MEAS_R000303,MEAS_UNIT_000303,303,C012,S01,2,39.4,39.5445454467395,39.552663654468,39.5707006656974,39.57082865962544,-0.17082865962544247
MEAS_R000304,MEAS_UNIT_000304,304,C012,S01,2,40.6,40.2565217877994,40.1259491858896,40.183771584308,40.181627876771046,0.4183721232289557
MEAS_R000305,MEAS_UNIT_000305,305,C012,S01,2,40.5,40.2595235691465,40.2608120129249,40.1995468833803,40.21920342629111,0.28079657370889066
MEAS_R000309,MEAS_UNIT_000309,309,C006,S01,2,39.3,38.9012133385158,38.8000592661403,38.9706162065494,38.93812487103914,0.36187512896085394
MEAS_R000311,MEAS_UNIT_000311,311,C006,S01,2,39.7,38.9071221564229,38.8254327105889,38.9705605119693,38.942696757330054,0.7573032426699484
MEAS_R000315,MEAS_UNIT_000315,315,C006,S01,2,38.5,38.579206451354,38.8300093303616,38.6720387615715,38.696917121676336,-0.19691712167633568
MEAS_R000322,MEAS_UNIT_000322,322,C015,S01,2,39.7,38.3903137564385,38.4357923175184,38.4423942423872,38.43546286504105,1.2645371349589496
MEAS_R000328,MEAS_UNIT_000328,328,C015,S01,2,38.0,38.3988579829685,38.4405915206743,38.4560043192915,38.447579551236444,-0.4475795512364442
MEAS_R000334,MEAS_UNIT_000334,334,C015,S01,2,38.5,38.6427664333343,38.7202637495055,38.6260983705264,38.63899569082654,-0.1389956908265404
MEAS_R000335,MEAS_UNIT_000335,335,C015,S01,2,38.4,38.6290753115943,38.992976114122,38.6751836061221,38.729174842504605,-0.3291748425046066
MEAS_R000340,MEAS_UNIT_000340,340,C007,S01,2,39.8,39.775290806277,39.8547907208081,39.7713065561289,39.79153628268916,0.008463717310839058
MEAS_R000352,MEAS_UNIT_000352,352,C007,S01,2,39.2,39.2555033677137,38.99805358222,39.3582628664277,39.29439573706543,-0.09439573706542603
MEAS_R000353,MEAS_UNIT_000353,353,C007,S01,2,39.4,39.6074685827561,39.6193598503653,39.6754121554411,39.66946876291495,-0.26946876291495414
MEAS_R000356,MEAS_UNIT_000356,356,C007,S01,2,40.2,39.2336725677628,39.0218455740039,39.3290613588594,39.27460221334706,0.9253977866529439
MEAS_R000358,MEAS_UNIT_000358,358,C013,S01,2,38.7,38.5982143270351,38.6377177968739,38.6806641070208,38.66904762634003,0.0309523736599715
MEAS_R000360,MEAS_UNIT_000360,360,C013,S01,2,38.6,38.6614343795712,38.6447316412102,38.7009933363477,38.68711944733998,-0.08711944733997967
MEAS_R000372,MEAS_UNIT_000372,372,C024,S01,2,38.2,38.465107408793,38.5010192213738,38.4903001969154,38.486909875755316,-0.28690987575531324
MEAS_R000374,MEAS_UNIT_000374,374,C024,S01,2,38.7,39.0075975907431,38.9811500516723,38.9993305964256,38.994805101726925,-0.2948051017269222
MEAS_R000377,MEAS_UNIT_000377,377,C024,S01,2,40.4,40.1079464603613,40.0652527116974,39.9824420776438,40.004262888686675,0.39573711131332345
MEAS_R000380,MEAS_UNIT_000380,380,C024,S01,2,41.2,40.1163808472085,39.892800806301,39.9996829834056,39.98712088515267,1.2128791148473326
MEAS_R000385,MEAS_UNIT_000385,385,C001,S01,2,38.3,38.457932117908,38.2762522593517,38.350117449937,38.33020175341913,-0.030201753419135002
MEAS_R000392,MEAS_UNIT_000392,392,C003,S01,2,38.5,38.5669945760741,38.585218152293,38.556544517428,38.55695936436724,-0.0569593643672377
MEAS_R000401,MEAS_UNIT_000401,401,C004,S01,2,37.6,37.7836336288841,37.7441529052817,37.6507809824341,37.655636674527024,-0.05563667452702248
MEAS_R000404,MEAS_UNIT_000404,404,C005,S01,2,37.9,37.9082587801025,37.8741534208755,37.9057882642994,37.889955925048596,0.010044074951402138
MEAS_R000411,MEAS_UNIT_000411,411,C008,S01,2,38.2,38.1997578100204,38.1733309961503,38.2085676393592,38.194532125432616,0.005467874567386843
MEAS_R000413,MEAS_UNIT_000413,413,C008,S01,2,38.1,38.1354290862138,38.153588069361,38.1615154352132,38.15206833313124,-0.052068333131238376
MEAS_R000415,MEAS_UNIT_000415,415,C009,S01,2,39.7,39.9500337664421,39.5707584477137,39.7750693473459,39.742958291022624,-0.04295829102262161
MEAS_R000420,MEAS_UNIT_000420,420,C009,S01,2,39.6,39.9070010270251,39.6005491972229,39.6889674777619,39.67725153572819,-0.07725153572818755
MEAS_R000430,MEAS_UNIT_000430,430,C011,S01,2,38.1,38.6478894515925,38.1324545131096,38.1543166387907,38.14228967839948,-0.04228967839947728
MEAS_R000435,MEAS_UNIT_000435,435,C012,S01,2,39.5,39.5686762463242,39.5763521015498,39.5589857303947,39.56546291095555,-0.0654629109555529
MEAS_R000436,MEAS_UNIT_000436,436,C012,S01,2,40.2,40.1939632596822,40.0878449185925,40.1218315818666,40.12352400005635,0.0764759999436535
MEAS_R000437,MEAS_UNIT_000437,437,C012,S01,2,40.3,40.230069682068,40.0910700642593,40.1478462913393,40.14560223155072,0.15439776844927877
MEAS_R000448,MEAS_UNIT_000448,448,C014,S01,2,38.3,39.0742396023844,38.3466671592879,38.3237244828649,38.32123099458997,-0.021230994589970464
MEAS_R000451,MEAS_UNIT_000451,451,C016,S01,2,38.7,38.9868332861232,38.7145429541379,38.6516630731016,38.65908266595222,0.04091733404778353
MEAS_R000467,MEAS_UNIT_000467,467,C019,S01,2,39.5,39.6525714996681,39.6026689611501,39.6228739979929,39.623031609356865,-0.12303160935686464
MEAS_R000476,MEAS_UNIT_000476,476,C021,S01,2,38.3,38.3507507462807,38.2400989249112,38.3010741940722,38.28310545647026,0.016894543529737405
MEAS_R000477,MEAS_UNIT_000477,477,C021,S01,2,38.2,38.4678091598665,38.2037274628839,38.2272774191285,38.21552726378018,-0.015527263780178657
MEAS_R000480,MEAS_UNIT_000480,480,C022,S01,2,38.4,38.4153687097865,38.5357783552955,38.4100844548892,38.426969557120465,-0.026969557120466447
MEAS_R000481,MEAS_UNIT_000481,481,C022,S01,2,38.4,38.9710471258228,38.5895147628448,38.396733118271,38.42573523723519,-0.02573523723518889
MEAS_R000489,MEAS_UNIT_000489,489,C025,S01,2,39.4,39.2314152494339,39.339651748475,39.4034006820044,39.393850280806035,0.006149719193963676
MEAS_R000493,MEAS_UNIT_000493,493,C025,S01,2,39.4,39.5342926100466,39.5111450458284,39.3776172939978,39.40376969376244,-0.0037696937624431825
MEAS_R000498,MEAS_UNIT_000498,498,C026,S01,2,38.7,38.9766303108991,38.610705610072,38.657791598076,38.64524761761693,0.05475238238307156
MEAS_R000499,MEAS_UNIT_000499,499,C026,S01,2,38.7,38.6283686726665,38.6129550745802,38.6646131508946,38.65128247582481,0.04871752417519559
MEAS_R000504,MEAS_UNIT_000504,504,C027,S01,2,39.0,39.0702939997663,39.1406672848065,38.9909955426569,39.01695205685993,-0.016952056859928177
MEAS_R000511,MEAS_UNIT_000511,511,C028,S01,2,40.2,40.1094489321098,40.2047275561447,40.1409973594494,40.16062570202484,0.03937429797516501
MEAS_R000514,MEAS_UNIT_000514,514,C029,S01,2,38.4,38.4892463833493,38.2667967406073,38.4264495695139,38.391538391409526,0.008461608590472736
MEAS_R000515,MEAS_UNIT_000515,515,C029,S01,2,38.3,38.3298986601023,38.3332323252351,38.3162924056216,38.31262577621865,-0.01262577621865546
MEAS_R000519,MEAS_UNIT_000519,519,C030,S01,2,40.2,40.0842506625689,40.2035785793973,40.1585729675979,40.17493479024818,0.025065209751822692
MEAS_R000007,MEAS_UNIT_000007,7,C021,S01,3,38.3,38.2507529290991,38.2965518561474,38.2180995672993,38.198896004762354,0.10110399523764357
MEAS_R000008,MEAS_UNIT_000008,8,C021,S01,3,38.2,38.1353519667769,38.2854082157857,38.2108154028706,38.19872650058207,0.0012734994179339765
MEAS_R000014,MEAS_UNIT_000014,14,C003,S01,3,38.5,38.3131677804039,38.4437634019136,38.5065430839263,38.516485198012184,-0.016485198012183844
MEAS_R000016,MEAS_UNIT_000016,16,C003,S01,3,38.5,38.3488377130731,38.4562257149418,38.5206269462309,38.52957208517211,-0.02957208517211285
MEAS_R000022,MEAS_UNIT_000022,22,C002,S01,3,38.2,38.8756725845099,39.1321504644116,39.1052682659343,39.12668163969541,-0.9266816396954098
MEAS_R000024,MEAS_UNIT_000024,24,C002,S01,3,39.1,39.0979780118328,39.1076240361106,39.212341312406,39.23582078496086,-0.13582078496085614
MEAS_R000033,MEAS_UNIT_000033,33,C002,S01,3,39.6,39.3845473524535,39.2373263346476,39.1705058225281,39.16224619353821,0.4377538064617923
MEAS_R000035,MEAS_UNIT_000035,35,C029,S01,3,38.1,38.5625467437109,38.4196333044243,38.422475473799,38.405396987776165,-0.3053969877761631
MEAS_R000038,MEAS_UNIT_000038,38,C029,S01,3,38.2,38.108973926196,38.3711255935868,38.3265065406727,38.32803055444301,-0.12803055444300782
MEAS_R000049,MEAS_UNIT_000049,49,C001,S01,3,39.2,38.2202353429079,38.1830019785792,38.4223848096978,38.44048650053167,0.7595134994683335
MEAS_R000053,MEAS_UNIT_000053,53,C001,S01,3,38.2,38.0417946619366,38.1476444016214,38.1813950327228,38.17867445658355,0.02132554341645232
MEAS_R000056,MEAS_UNIT_000056,56,C001,S01,3,38.1,38.1302086388033,38.2023407689404,38.1886753824542,38.17825164593397,-0.0782516459339675
MEAS_R000061,MEAS_UNIT_000061,61,C027,S01,3,38.9,38.8460161545678,38.8027024070894,38.9338541228349,38.950539151381186,-0.05053915138118725
MEAS_R000070,MEAS_UNIT_000070,70,C027,S01,3,39.1,39.1279166370327,39.0057814460095,38.9833800325374,38.97771104985947,0.1222889501405291
MEAS_R000073,MEAS_UNIT_000073,73,C026,S01,3,38.3,38.3923472358914,38.6968830135224,38.6596193545333,38.67255598606206,-0.37255598606206064
MEAS_R000083,MEAS_UNIT_000083,83,C016,S01,3,38.1,38.3857313630428,38.5910277038824,38.5543748513709,38.55843806382964,-0.4584380638296395
MEAS_R000087,MEAS_UNIT_000087,87,C016,S01,3,38.6,39.2236452244305,38.9415967191984,38.9024334174616,38.882410221048794,-0.2824102210487922
MEAS_R000090,MEAS_UNIT_000090,90,C022,S01,3,38.3,38.7676714887076,38.3136919759154,38.3525421361519,38.31777963133626,-0.017779631336260593
MEAS_R000093,MEAS_UNIT_000093,93,C022,S01,3,38.7,38.2500920984561,38.2806559491861,38.4656350697297,38.48268016594932,0.21731983405068434
MEAS_R000100,MEAS_UNIT_000100,100,C022,S01,3,38.2,38.6524895099569,38.5803851581019,38.4695266961429,38.444591434311675,-0.24459143431167263
MEAS_R000105,MEAS_UNIT_000105,105,C014,S01,3,38.0,38.4526585993974,38.4811124687156,38.3484942034928,38.324720316940706,-0.3247203169407058
MEAS_R000107,MEAS_UNIT_000107,107,C014,S01,3,38.2,38.1006095391068,38.2402349612801,38.1324149318122,38.11384647976385,0.0861535202361523
MEAS_R000114,MEAS_UNIT_000114,114,C014,S01,3,38.8,38.6682044329613,38.3773428694257,38.3570340908538,38.32598217164228,0.47401782835771655
MEAS_R000119,MEAS_UNIT_000119,119,C023,S01,3,39.2,38.8653318988644,38.9242650942808,38.894309153796,38.89751259218019,0.302487407819811
MEAS_R000126,MEAS_UNIT_000126,126,C023,S01,3,39.1,39.2943280528844,39.0360543671303,39.2152041089335,39.230110696013675,-0.13011069601367353
MEAS_R000129,MEAS_UNIT_000129,129,C023,S01,3,39.3,39.1861192095318,39.0924605724311,39.0933484654179,39.094887855940414,0.20511214405958356
MEAS_R000131,MEAS_UNIT_000131,131,C011,S01,3,38.0,38.0815268959373,38.1422407254215,38.1550853866214,38.146299787043056,-0.14629978704305557
MEAS_R000138,MEAS_UNIT_000138,138,C011,S01,3,38.1,38.0516974728711,38.3933856500989,38.4054959344725,38.420844301288085,-0.3208443012880835
MEAS_R000147,MEAS_UNIT_000147,147,C004,S01,3,37.5,37.5297863765769,37.6141946481584,37.6203495558199,37.59985862126633,-0.09985862126632838
MEAS_R000148,MEAS_UNIT_000148,148,C004,S01,3,37.7,37.9542221429997,37.7167843605205,37.8313159833104,37.80762694715466,-0.1076269471546567
MEAS_R000153,MEAS_UNIT_000153,153,C028,S01,3,40.2,40.1064062497325,40.1416369305676,40.1356071054631,40.169034343170225,0.030965656829778254
MEAS_R000159,MEAS_UNIT_000159,159,C028,S01,3,40.1,40.0609889390229,40.0925788381854,40.0458421811831,40.07207571584792,0.02792428415207837
MEAS_R000174,MEAS_UNIT_000174,174,C008,S01,3,38.3,38.1464223845511,38.4151086729009,38.2771184855411,38.26676204759332,0.03323795240667948
MEAS_R000175,MEAS_UNIT_000175,175,C008,S01,3,38.2,38.1875323589871,38.1651827316705,38.2095805047076,38.20039877435566,-0.00039877435565927044
MEAS_R000179,MEAS_UNIT_000179,179,C030,S01,3,40.3,40.2131551796442,40.2019181063513,40.1898975199807,40.22083247218517,0.07916752781482472
MEAS_R000185,MEAS_UNIT_000185,185,C030,S01,3,40.2,40.2819760437771,40.1744194760281,40.0584977895407,40.06765221866941,0.13234778133059422
MEAS_R000196,MEAS_UNIT_000196,196,C018,S01,3,38.8,38.5601806525848,38.7341217032315,38.7839489897194,38.80164221765865,-0.001642217658655909
MEAS_R000198,MEAS_UNIT_000198,198,C018,S01,3,38.8,38.9433448292721,38.7639803774461,38.7676718450473,38.756350615394744,0.043649384605252806
MEAS_R000201,MEAS_UNIT_000201,201,C018,S01,3,38.8,38.8278678378241,38.7220097600131,38.7959394877892,38.79848069288006,0.0015193071199348651
MEAS_R000203,MEAS_UNIT_000203,203,C025,S01,3,39.5,39.0945328631264,39.3514336978167,39.3955782417654,39.432269557897115,0.06773044210288504
MEAS_R000208,MEAS_UNIT_000208,208,C025,S01,3,39.4,39.309629250947,39.4200068273922,39.3691240222923,39.38425430371758,0.015745696282415622
MEAS_R000209,MEAS_UNIT_000209,209,C025,S01,3,39.5,39.215715148704,39.4766301110826,39.4065649163838,39.43012708720047,0.06987291279953212
MEAS_R000227,MEAS_UNIT_000227,227,C019,S01,3,39.4,39.3776011113543,39.3872702571872,39.3448853108632,39.35387553932433,0.046124460675670775
MEAS_R000229,MEAS_UNIT_000229,229,C019,S01,3,39.4,39.3941345676281,39.3825016564667,39.3977249252795,39.413435969321704,-0.013435969321704988
MEAS_R000231,MEAS_UNIT_000231,231,C019,S01,3,39.6,39.5351441918652,39.4182032902388,39.4876489109742,39.50504225568026,0.09495774431974269
MEAS_R000240,MEAS_UNIT_000240,240,C005,S01,3,37.9,37.8987043631608,37.8877563105599,37.9840440624282,37.97655538897055,-0.07655538897055436
MEAS_R000243,MEAS_UNIT_000243,243,C005,S01,3,37.8,37.8821802731295,37.7775841813648,37.818041552606,37.793885455406986,0.006114544593010862
MEAS_R000250,MEAS_UNIT_000250,250,C005,S01,3,37.8,38.0283698184872,37.8368416706118,37.8523747286632,37.82035073485833,-0.02035073485833294
MEAS_R000251,MEAS_UNIT_000251,251,C005,S01,3,37.8,37.9586381085153,37.8285404290192,37.9130860954129,37.89474353643929,-0.0947435364392959
MEAS_R000256,MEAS_UNIT_000256,256,C017,S01,3,39.0,39.3775532418252,39.3719021437179,39.3732200870265,39.387090122321254,-0.38709012232125417
MEAS_R000263,MEAS_UNIT_000263,263,C017,S01,3,39.4,39.254066372463,39.3637077801176,39.3128153911189,39.32658464495883,0.07341535504117047
MEAS_R000267,MEAS_UNIT_000267,267,C017,S01,3,39.4,39.5053032438918,39.3866995889214,39.3226956294747,39.32019068740244,0.07980931259756119
MEAS_R000272,MEAS_UNIT_000272,272,C020,S01,3,39.1,39.1549727667269,39.231031351718,39.1695083821995,39.17647115000765,-0.0764711500076487
MEAS_R000280,MEAS_UNIT_000280,280,C020,S01,3,39.5,39.6368878934187,39.5669829453672,39.5952745917506,39.61333554561248,-0.11333554561247894
MEAS_R000282,MEAS_UNIT_000282,282,C020,S01,3,39.5,39.6304171518991,39.5781597351342,39.6003899763659,39.61900071652375,-0.11900071652375033
MEAS_R000287,MEAS_UNIT_000287,287,C009,S01,3,39.5,39.4007431340518,39.4536353795035,39.4408272058918,39.458415488996884,0.041584511003115665
MEAS_R000289,MEAS_UNIT_000289,289,C009,S01,3,40.5,40.2611988887727,40.2210694843579,40.4499564156579,40.513846405377876,-0.01384640537787618
MEAS_R000293,MEAS_UNIT_000293,293,C012,S01,3,40.3,40.3068813362283,40.4092171030158,40.3458853109998,40.38175522124894,-0.0817552212489403
MEAS_R000294,MEAS_UNIT_000294,294,C012,S01,3,39.1,38.9918088728983,39.2585716968522,39.0715716694475,39.073739496504395,0.026260503495606713
MEAS_R000295,MEAS_UNIT_000295,295,C012,S01,3,39.0,39.0085303407518,39.292536275848,39.0773227627351,39.077381598054906,-0.07738159805490596
MEAS_R000306,MEAS_UNIT_000306,306,C006,S01,3,39.8,39.5068683292744,39.6530247539245,39.6203880038144,39.645893367484554,0.1541066325154432
MEAS_R000314,MEAS_UNIT_000314,314,C006,S01,3,39.4,39.5183498358666,39.4593250836855,39.6033930063426,39.63619011663706,-0.23619011663706146
MEAS_R000318,MEAS_UNIT_000318,318,C006,S01,3,39.6,39.6820698199617,39.6139682153949,39.6104342730167,39.62516331031982,-0.025163310319818777
MEAS_R000320,MEAS_UNIT_000320,320,C015,S01,3,38.9,39.0130250211331,39.0089093028151,38.996978707493,39.00060155515803,-0.10060155515802904
MEAS_R000323,MEAS_UNIT_000323,323,C015,S01,3,38.2,38.2728599641734,38.3759014447838,38.2760134201422,38.259343689720936,-0.05934368972093296
MEAS_R000324,MEAS_UNIT_000324,324,C015,S01,3,38.5,38.6556638037753,38.7008262235389,38.6821582130514,38.68086726600009,-0.18086726600009229
MEAS_R000330,MEAS_UNIT_000330,330,C015,S01,3,38.5,38.6074364506974,38.6600462599163,38.5231644094014,38.50453085018687,-0.004530850186867497
MEAS_R000339,MEAS_UNIT_000339,339,C007,S01,3,38.4,39.1228948133533,39.1787346032203,39.1043439569776,39.106927846501264,-0.7069278465012658
MEAS_R000343,MEAS_UNIT_000343,343,C007,S01,3,39.3,39.1835913909479,39.2237193754417,39.1064543932198,39.10293580391197,0.1970641960880286
MEAS_R000349,MEAS_UNIT_000349,349,C007,S01,3,39.6,39.5896863132843,39.5454000570171,39.5207747688549,39.53245343465923,0.06754656534076986
MEAS_R000354,MEAS_UNIT_000354,354,C007,S01,3,40.6,40.4825679850876,40.1266761440079,40.4727109077675,40.53046468973383,0.06953531026616844
MEAS_R000363,MEAS_UNIT_000363,363,C013,S01,3,38.5,38.7241720022873,38.8068042079523,38.7066731049397,38.698670808847766,-0.19867080884776556
MEAS_R000365,MEAS_UNIT_000365,365,C013,S01,3,39.1,39.1043677684962,39.1817210982436,39.1519430706184,39.16237483412831,-0.062374834128306134
MEAS_R000376,MEAS_UNIT_000376,376,C024,S01,3,38.9,38.9345965496372,38.8782655006656,38.9733640432302,38.98580926469252,-0.08580926469252148
MEAS_R000378,MEAS_UNIT_000378,378,C024,S01,3,38.4,38.4716712223833,38.6289258639581,38.4502615847279,38.43178537082653,-0.03178537082653321
MEAS_R000383,MEAS_UNIT_000383,383,C024,S01,3,40.2,40.5908653332336,40.4640010521918,40.577635337567,40.62505079964096,-0.4250507996409567
MEAS_R000384,MEAS_UNIT_000384,384,C001,S01,3,38.2,38.1158707740483,38.207666859333,38.175238111336,38.16354609161848,0.036453908381524514
MEAS_R000387,MEAS_UNIT_000387,387,C001,S01,3,38.2,38.455191864937,38.2244723092865,38.1873125818561,38.15422937949836,0.045770620501642156
MEAS_R000393,MEAS_UNIT_000393,393,C003,S01,3,38.6,38.3257707695064,38.5317320293529,38.6392141909189,38.662521024074195,-0.06252102407419358
MEAS_R000395,MEAS_UNIT_000395,395,C003,S01,3,38.5,38.4859213723756,38.5058909131316,38.512621804019,38.508767876703914,-0.008767876703913657
MEAS_R000397,MEAS_UNIT_000397,397,C004,S01,3,37.6,37.7265611738945,37.7558040016579,37.744386011046,37.721074258123366,-0.12107425812336459
MEAS_R000407,MEAS_UNIT_000407,407,C006,S01,3,39.6,39.4072536596072,39.6651570064143,39.6046462992247,39.63376739677864,-0.03376739677863583
MEAS_R000414,MEAS_UNIT_000414,414,C008,S01,3,38.2,38.1088657635533,38.1759693113755,38.1915200361684,38.18432472255378,0.015675277446220548
MEAS_R000421,MEAS_UNIT_000421,421,C009,S01,3,39.5,39.5331170036579,39.4737853777433,39.4308837656176,39.43729980612364,0.06270019387635983
MEAS_R000423,MEAS_UNIT_000423,423,C010,S01,3,38.7,38.7514349795181,38.7787626354499,38.7526971498708,38.7509982191721,-0.050998219172093684
MEAS_R000424,MEAS_UNIT_000424,424,C010,S01,3,38.6,38.6698291663137,38.6130051182427,38.6447451893128,38.64193182270258,-0.04193182270257978
MEAS_R000425,MEAS_UNIT_000425,425,C010,S01,3,38.8,38.7570197931652,38.709171667805,38.7610040982763,38.76388738986788,0.03611261013211475
MEAS_R000426,MEAS_UNIT_000426,426,C010,S01,3,38.7,38.8030698265403,38.7224047590889,38.7526971498708,38.750665237073456,-0.05066523707345283
MEAS_R000429,MEAS_UNIT_000429,429,C011,S01,3,38.4,38.5314823538679,38.3372915304033,38.4032643365721,38.3899264247137,0.01007357528629882
MEAS_R000431,MEAS_UNIT_000431,431,C011,S01,3,38.2,38.0434236999458,38.250591699541,38.2303010862557,38.228892773483594,-0.028892773483590872
MEAS_R000438,MEAS_UNIT_000438,438,C012,S01,3,40.4,40.3238994565655,40.434008770805,40.3672224408582,40.40368533018277,-0.0036853301827690643
MEAS_R000441,MEAS_UNIT_000441,441,C013,S01,3,38.7,38.7293097711561,38.8138196508034,38.6954960301842,38.68518228882046,0.014817711179546222
MEAS_R000443,MEAS_UNIT_000443,443,C013,S01,3,39.1,39.2834462970903,39.1213019235588,39.14310643283,39.14382234847043,-0.043822348470428096
MEAS_R000447,MEAS_UNIT_000447,447,C014,S01,3,38.3,38.3596406768551,38.1830132606626,38.3412396029679,38.33863034488192,-0.038630344881923406
MEAS_R000449,MEAS_UNIT_000449,449,C014,S01,3,38.3,38.2133389528551,38.2160532315357,38.3582817630021,38.365894862437266,-0.06589486243726839
MEAS_R000452,MEAS_UNIT_000452,452,C016,S01,3,38.7,39.2965203351559,38.7552769411985,38.7624220110972,38.72770792750389,-0.027707927503890062
MEAS_R000457,MEAS_UNIT_000457,457,C016,S01,3,38.6,38.3678941136657,38.5677424378054,38.5617591516029,38.569302771883756,0.030697228116245867
MEAS_R000459,MEAS_UNIT_000459,459,C017,S01,3,39.4,39.4284470328238,39.402119842631,39.383379104091,39.39373567726283,0.006264322737166594
MEAS_R000470,MEAS_UNIT_000470,470,C020,S01,3,39.6,39.5182873210245,39.5812823207136,39.5915533385776,39.61607185509336,-0.016071855093358067
MEAS_R000471,MEAS_UNIT_000471,471,C021,S01,3,38.3,38.9383378101194,38.1993932240578,38.2918622921403,38.24344397557077,0.056556024429227136
MEAS_R000472,MEAS_UNIT_000472,472,C021,S01,3,38.3,38.9354974829796,38.3823435321303,38.3331957579951,38.280976547953344,0.019023452046653233
MEAS_R000484,MEAS_UNIT_000484,484,C023,S01,3,39.1,38.9948288661013,39.0261749203255,39.2331541669169,39.270758691748306,-0.17075869174830416
MEAS_R000485,MEAS_UNIT_000485,485,C024,S01,3,39.0,38.9860644848376,38.9222758675986,38.9779343549536,38.985284988854914,0.014715011145085555
MEAS_R000495,MEAS_UNIT_000495,495,C026,S01,3,38.7,38.7455625872842,38.8431398393074,38.7304186698019,38.722443124228555,-0.02244312422855188
MEAS_R000502,MEAS_UNIT_000502,502,C026,S01,3,38.7,38.6914019261935,38.9488723532325,38.684442543315,38.667731425723616,0.03226857427638663
MEAS_R000505,MEAS_UNIT_000505,505,C027,S01,3,39.0,39.1692491220567,38.9702046338259,38.968462010103,38.95988084057312,0.04011915942687949
MEAS_R000512,MEAS_UNIT_000512,512,C028,S01,3,40.2,40.147181870221,40.1775265274976,40.1366245980652,40.16558863999806,0.034411360001939784
MEAS_R000513,MEAS_UNIT_000513,513,C029,S01,3,38.3,38.2461669219482,38.3707229581918,38.3385113929677,38.33279274289284,-0.03279274289284473
MEAS_R000520,MEAS_UNIT_000520,520,C030,S01,3,40.3,40.2807011141615,40.2020531325184,40.182803136741,40.20829720577986,0.09170279422014005
MEAS_R000002,MEAS_UNIT_000002,2,C021,S01,4,38.3,38.1985303994755,38.2106362377844,38.2383779602371,38.203166793753695,0.09683320624630198
MEAS_R000009,MEAS_UNIT_000009,9,C021,S01,4,38.0,38.2476807347875,38.2796592855488,38.2753975058478,38.236700002759655,-0.23670000275965464
MEAS_R000012,MEAS_UNIT_000012,12,C003,S01,4,38.7,38.6170284593513,38.5351456381329,38.4922904917327,38.4503869246409,0.24961307535910038
MEAS_R000015,MEAS_UNIT_000015,15,C003,S01,4,38.4,38.4816995614719,38.4755656625347,38.4922904917327,38.46317312376966,-0.06317312376965845
MEAS_R000031,MEAS_UNIT_000031,31,C002,S01,4,40.0,39.1846056388626,39.2946797234888,39.276999176369,39.272714699178415,0.7272853008215847
MEAS_R000034,MEAS_UNIT_000034,34,C002,S01,4,39.2,39.3625486104791,39.2577830225496,39.2070280891173,39.187205389031874,0.01279461096812895
MEAS_R000037,MEAS_UNIT_000037,37,C029,S01,4,38.0,38.267025641126,38.3035508683285,38.3362165313574,38.306016222403294,-0.3060162224032936
MEAS_R000042,MEAS_UNIT_000042,42,C029,S01,4,38.5,38.192708672601,38.3069235447181,38.3362165313574,38.30817154172078,0.19182845827921824
MEAS_R000048,MEAS_UNIT_000048,48,C001,S01,4,38.9,38.1184017925932,38.2025575850826,38.6683222339626,38.724658775220846,0.17534122477915304
MEAS_R000050,MEAS_UNIT_000050,50,C001,S01,4,38.3,38.0982355939176,38.1577423201393,38.1740287767115,38.13635428526384,0.1636457147361554
MEAS_R000058,MEAS_UNIT_000058,58,C001,S01,4,38.3,38.0100837384234,38.2306030141982,38.2830328771657,38.260850835101756,0.03914916489824094
MEAS_R000065,MEAS_UNIT_000065,65,C027,S01,4,38.6,38.6633501792518,38.9552206702569,38.69805397727,38.639828522375325,-0.039828522375323416
MEAS_R000071,MEAS_UNIT_000071,71,C027,S01,4,39.1,38.8738020987627,38.8411695744197,38.9911048234043,39.00060449024023,0.0993955097597734
MEAS_R000075,MEAS_UNIT_000075,75,C026,S01,4,38.6,38.3279403011891,38.6078852077114,38.6026487227452,38.583587009465674,0.01641299053432732
MEAS_R000082,MEAS_UNIT_000082,82,C016,S01,4,38.0,38.6670063814697,38.6680734944893,38.4969974810877,38.43637511071828,-0.4363751107182807
MEAS_R000085,MEAS_UNIT_000085,85,C016,S01,4,38.7,38.4387877503587,38.5776691281628,38.4969974810877,38.45657981188326,0.24342018811674393
MEAS_R000096,MEAS_UNIT_000096,96,C022,S01,4,39.0,38.1565532708167,38.2488751181305,38.3335850792687,38.31410031593112,0.6858996840688789
MEAS_R000097,MEAS_UNIT_000097,97,C022,S01,4,39.5,38.2792477318665,38.2890187108341,38.3335850792687,38.30437851358793,1.1956214864120724
MEAS_R000099,MEAS_UNIT_000099,99,C022,S01,4,38.3,38.5498977020961,38.3246000167886,38.3505154953483,38.31045723635026,-0.010457236350262633
MEAS_R000110,MEAS_UNIT_000110,110,C014,S01,4,38.0,38.144039831663,38.1577669057197,38.0985502817502,38.04387748371204,-0.0438774837120377
MEAS_R000113,MEAS_UNIT_000113,113,C014,S01,4,39.2,38.6155930082835,38.4638850969199,38.6171394343655,38.61034504676001,0.5896549532399931
MEAS_R000118,MEAS_UNIT_000118,118,C023,S01,4,39.4,38.8797951226918,38.9302519225722,38.6637400466166,38.59428459053349,0.805715409466508
MEAS_R000120,MEAS_UNIT_000120,120,C023,S01,4,39.0,38.812732498219,38.8589224280527,38.9136674150363,38.907132583538235,0.09286741646176466
MEAS_R000127,MEAS_UNIT_000127,127,C023,S01,4,39.9,39.3671964161771,39.0815388493015,39.0026540522656,38.96476994403506,0.9352300559649365
MEAS_R000133,MEAS_UNIT_000133,133,C011,S01,4,38.1,38.081125273533,38.1024562100854,38.1004201072792,38.055795787312825,0.04420421268717689
MEAS_R000136,MEAS_UNIT_000136,136,C011,S01,4,39.1,38.2758128199845,38.2221814372502,38.2238773011832,38.18143928098592,0.9185607190140814
MEAS_R000143,MEAS_UNIT_000143,143,C004,S01,4,37.6,37.59734876374,37.6403991623048,37.6645716017231,37.61039057308735,-0.010390573087349253
MEAS_R000149,MEAS_UNIT_000149,149,C004,S01,4,37.7,38.1377896635509,37.6576027765736,37.695460782626,37.62627621940749,0.07372378059251616
MEAS_R000158,MEAS_UNIT_000158,158,C028,S01,4,40.3,40.2954269882806,40.2062174212679,40.2183296848246,40.244017455991134,0.055982544008863044
MEAS_R000160,MEAS_UNIT_000160,160,C028,S01,4,40.1,40.1265031876914,40.1586886244882,40.0651139456608,40.07190982543907,0.02809017456092988
MEAS_R000161,MEAS_UNIT_000161,161,C028,S01,4,40.2,40.2324585504006,40.1142427121352,40.2168143824676,40.25680598387625,-0.056805983876245136
MEAS_R000166,MEAS_UNIT_000166,166,C008,S01,4,38.1,38.2210458246069,38.175451350756,38.1538732352258,38.105389082111984,-0.005389082111982191
MEAS_R000177,MEAS_UNIT_000177,177,C030,S01,4,40.2,39.8313339555943,40.2423231260159,40.080110106789,40.08905283079967,0.11094716920032965
MEAS_R000184,MEAS_UNIT_000184,184,C030,S01,4,40.2,39.8831643398947,40.2069640812236,40.080110106789,40.09200007531091,0.10799992468909636
MEAS_R000187,MEAS_UNIT_000187,187,C030,S01,4,40.2,40.0627287667905,40.2443633589251,40.1057979755042,40.11157532959735,0.08842467040265234
MEAS_R000191,MEAS_UNIT_000191,191,C018,S01,4,38.8,38.8075305445319,38.8262214671834,38.7994333367341,38.77420372130454,0.025796278695459307
MEAS_R000194,MEAS_UNIT_000194,194,C018,S01,4,38.8,38.7212989413991,38.751662001556,38.7755812289327,38.75857094971322,0.04142905028678001
MEAS_R000202,MEAS_UNIT_000202,202,C025,S01,4,39.4,39.2004662062626,39.3971549266519,39.3864865444028,39.39014702360505,0.009852976394945756
MEAS_R000211,MEAS_UNIT_000211,211,C010,S01,4,38.7,38.7361833867085,38.7064790362397,38.7316819197715,38.71129215612515,-0.011292156125144004
MEAS_R000216,MEAS_UNIT_000216,216,C010,S01,4,38.6,38.6169177706794,38.5883068708909,38.6086471717719,38.58329894558052,0.016701054419478112
MEAS_R000222,MEAS_UNIT_000222,222,C010,S01,4,38.6,38.6024959311273,38.6226291413963,38.6204611134218,38.59339989345345,0.006600106546549966
MEAS_R000225,MEAS_UNIT_000225,225,C019,S01,4,39.5,39.4810905147888,39.595669097064,39.4991849370788,39.48919701806804,0.010802981931959721
MEAS_R000228,MEAS_UNIT_000228,228,C019,S01,4,39.5,39.4966091778192,39.5219928207176,39.4895609393194,39.48700013241723,0.012999867582770719
MEAS_R000246,MEAS_UNIT_000246,246,C005,S01,4,37.8,37.8675536816169,37.8140897922973,37.8633932896879,37.81683309037978,-0.016833090379783755
MEAS_R000247,MEAS_UNIT_000247,247,C005,S01,4,38.2,38.2181300417869,38.2367422509758,38.2449199267034,38.206834035636994,-0.006834035636991587
MEAS_R000253,MEAS_UNIT_000253,253,C017,S01,4,38.9,39.013852965373,39.1125153386666,39.1003552275735,39.09062056424969,-0.19062056424969143
MEAS_R000261,MEAS_UNIT_000261,261,C017,S01,4,39.9,39.949269379708,39.9552215298738,39.9266037712896,39.938822976353684,-0.03882297635368559
MEAS_R000262,MEAS_UNIT_000262,262,C017,S01,4,39.3,39.4583681785845,39.4538178814982,39.4263895747674,39.42148655170498,-0.12148655170498301
MEAS_R000273,MEAS_UNIT_000273,273,C020,S01,4,39.1,39.1702078475631,39.1081250047456,39.1647014596606,39.16318445574588,-0.06318445574587628
MEAS_R000275,MEAS_UNIT_000275,275,C020,S01,4,40.2,40.184045060038,40.2613436196633,40.1926874910991,40.209627079224205,-0.009627079224202362
MEAS_R000277,MEAS_UNIT_000277,277,C020,S01,4,39.6,39.5109655640901,39.5303193881633,39.5418986940205,39.548380050146356,0.05161994985364515
MEAS_R000284,MEAS_UNIT_000284,284,C009,S01,4,40.4,40.393793259981,40.3404288432654,40.4333241948298,40.48128783151133,-0.08128783151133234
MEAS_R000291,MEAS_UNIT_000291,291,C009,S01,4,40.8,40.4293992413549,40.3809506169489,40.4347511515649,40.476291492579605,0.3237085074203918
MEAS_R000300,MEAS_UNIT_000300,300,C012,S01,4,39.5,39.4754875805366,39.5153168182919,39.4655072550886,39.45968504956889,0.04031495043111022
MEAS_R000302,MEAS_UNIT_000302,302,C012,S01,4,40.0,39.6351067419988,39.6113309955934,39.63415834174,39.64416388384195,0.3558361161580521
MEAS_R000307,MEAS_UNIT_000307,307,C006,S01,4,38.5,39.4610190536555,39.3917568850462,39.4552915314246,39.46455495042767,-0.9645549504276687
MEAS_R000310,MEAS_UNIT_000310,310,C006,S01,4,38.5,38.6909580242231,38.772328443654,38.6913600979431,38.65546039441743,-0.15546039441743176
MEAS_R000319,MEAS_UNIT_000319,319,C006,S01,4,40.0,39.573457461224,39.6244924545952,39.5563164140381,39.55084442676755,0.4491555732324528
MEAS_R000327,MEAS_UNIT_000327,327,C015,S01,4,38.2,38.2577983896967,38.261700214289,38.2547493712354,38.21390887601662,-0.013908876016614613
MEAS_R000329,MEAS_UNIT_000329,329,C015,S01,4,39.2,39.7799307473311,39.6634505433886,39.7731366502806,39.79935919753845,-0.5993591975384476
MEAS_R000331,MEAS_UNIT_000331,331,C015,S01,4,39.0,39.7563956654732,39.6664831385439,39.7720523951178,39.79847159237628,-0.7984715923762806
MEAS_R000338,MEAS_UNIT_000338,338,C007,S01,4,40.1,39.3118627514043,39.288894303371,39.2628458481012,39.25198691171994,0.8480130882800623
MEAS_R000342,MEAS_UNIT_000342,342,C007,S01,4,40.0,39.6926176900134,39.6713504863975,39.7069615506976,39.72169561181447,0.27830438818553205
MEAS_R000344,MEAS_UNIT_000344,344,C007,S01,4,39.9,39.6486202728779,39.6661266131714,39.7092053057607,39.72664632964888,0.17335367035111915
MEAS_R000345,MEAS_UNIT_000345,345,C007,S01,4,39.7,38.7495868657874,38.8437201232594,38.7574168838041,38.72329783137304,0.9767021686269644
MEAS_R000359,MEAS_UNIT_000359,359,C013,S01,4,38.6,38.6990055369938,38.7784562333759,38.7506730872697,38.725755490487245,-0.12575549048724355
MEAS_R000362,MEAS_UNIT_000362,362,C013,S01,4,39.2,39.0955998506758,39.1094404106034,39.1147460331139,39.105488529740605,0.09451147025939832
MEAS_R000371,MEAS_UNIT_000371,371,C024,S01,4,38.3,38.4492269195433,38.4748799656161,38.457102076594,38.42204445822075,-0.12204445822075627
MEAS_R000379,MEAS_UNIT_000379,379,C024,S01,4,39.2,38.8733229667427,38.8834846339421,38.8811087466232,38.862497042787105,0.337502957212898
MEAS_R000382,MEAS_UNIT_000382,382,C024,S01,4,40.5,40.4775028702658,40.3711556338118,40.5041436427713,40.55946091447577,-0.059460914475771176
MEAS_R000394,MEAS_UNIT_000394,394,C003,S01,4,38.5,38.4718664634569,38.4951173834274,38.4922904917327,38.46088225221125,0.03911774778875099
MEAS_R000398,MEAS_UNIT_000398,398,C004,S01,4,37.7,37.995395591172,37.7008550517009,37.7414583624992,37.68081957084046,0.019180429159540324
MEAS_R000402,MEAS_UNIT_000402,402,C005,S01,4,37.8,37.8714037903863,37.7935602601071,37.8371163159432,37.78783238792323,0.012167612076765977
MEAS_R000406,MEAS_UNIT_000406,406,C006,S01,4,39.5,39.5598980179734,39.6373129871482,39.5536293605235,39.54635720345751,-0.04635720345751082
MEAS_R000408,MEAS_UNIT_000408,408,C006,S01,4,39.4,39.4872728400614,39.4473232059896,39.4544506259291,39.45512839944323,-0.05512839944323389
MEAS_R000410,MEAS_UNIT_000410,410,C008,S01,4,38.2,38.1613967206157,38.1936447751518,38.228589358361,38.19497795511334,0.0050220448866653555
MEAS_R000412,MEAS_UNIT_000412,412,C008,S01,4,38.1,38.2427474734506,38.1880035985209,38.1538732352258,38.102934446705206,-0.0029344467052041523
MEAS_R000416,MEAS_UNIT_000416,416,C009,S01,4,40.4,40.3969705335343,40.3638599305678,40.4353752621398,40.48048613731967,-0.08048613731967436
MEAS_R000418,MEAS_UNIT_000418,418,C009,S01,4,40.5,40.4389198529909,40.4073963749191,40.4347511515649,40.47239136054745,0.027608639452552097
MEAS_R000427,MEAS_UNIT_000427,427,C011,S01,4,38.3,39.1893054247203,38.1839354310608,38.3037164689577,38.25062796753777,0.04937203246223021
MEAS_R000433,MEAS_UNIT_000433,433,C011,S01,4,38.1,38.2653752655434,38.0692628927981,38.1004201072792,38.053800344797985,0.04619965520201674
MEAS_R000440,MEAS_UNIT_000440,440,C013,S01,4,39.1,39.135367289686,39.1767928674478,39.1157466733394,39.096215154394244,0.0037848456057574253
MEAS_R000450,MEAS_UNIT_000450,450,C016,S01,4,38.6,38.6393128983425,38.6601570518967,38.7123494473101,38.69766664992746,-0.09766664992746144
MEAS_R000456,MEAS_UNIT_000456,456,C016,S01,4,38.8,38.8239644371562,38.799012862171,38.844601374691,38.831670724045054,-0.031670724045056886
MEAS_R000463,MEAS_UNIT_000463,463,C018,S01,4,38.8,38.765783562405,38.7579262514339,38.7755812289327,38.756163988973306,0.043836011026691324
MEAS_R000466,MEAS_UNIT_000466,466,C019,S01,4,39.5,39.501212227401,39.5753814975112,39.5005330218254,39.492848658737785,0.007151341262215283
MEAS_R000473,MEAS_UNIT_000473,473,C021,S01,4,38.3,38.8214315895439,38.2491844923888,38.3241194886144,38.279312425177366,0.02068757482263095
MEAS_R000475,MEAS_UNIT_000475,475,C021,S01,4,38.2,38.3371819160691,38.1946565581724,38.2383779602371,38.20045183722284,-0.00045183722284036776
MEAS_R000488,MEAS_UNIT_000488,488,C025,S01,4,39.4,39.2910038787573,39.4044253215817,39.3864865444028,39.38598698375559,0.014013016244405208
MEAS_R000490,MEAS_UNIT_000490,490,C025,S01,4,39.3,39.320768680124,39.4297263139312,39.2331886460043,39.196982494362594,0.10301750563740342
MEAS_R000497,MEAS_UNIT_000497,497,C026,S01,4,38.7,38.645983472852,38.6760517661345,38.6907759224381,38.66931794823015,0.03068205176985117
MEAS_R000517,MEAS_UNIT_000517,517,C029,S01,4,38.3,38.4232196737665,38.3400993564331,38.3362165313574,38.29560262885794,0.004397371142054851
MEAS_R000001,MEAS_UNIT_000001,1,C021,S01,5,38.3,38.2087660569286,38.2626864294367,38.33475431827,38.313528554822696,-0.01352855482269888
MEAS_R000017,MEAS_UNIT_000017,17,C003,S01,5,38.3,38.5267035822759,38.4954478587073,38.5075601500531,38.49375846830409,-0.1937584683040896
MEAS_R000020,MEAS_UNIT_000020,20,C003,S01,5,38.6,38.6650292470573,38.8589552329215,38.823289416481,38.81877661878364,-0.21877661878363597
MEAS_R000026,MEAS_UNIT_000026,26,C002,S01,5,39.3,38.8349250573965,39.0178020321511,38.9393828127088,38.939830234334615,0.3601697656653826
MEAS_R000028,MEAS_UNIT_000028,28,C002,S01,5,38.8,38.9617737594574,38.9164049226406,38.9480898805798,38.944060587577106,-0.14406058757710838
MEAS_R000041,MEAS_UNIT_000041,41,C029,S01,5,38.5,38.1357203922894,38.2109043424415,38.2887477087413,38.266052002810504,0.233947997189496
MEAS_R000045,MEAS_UNIT_000045,45,C029,S01,5,38.4,38.7278589055955,38.6183980633395,38.6480884176146,38.637083884872645,-0.23708388487264642
MEAS_R000047,MEAS_UNIT_000047,47,C001,S01,5,38.0,38.3595848686181,38.2377777876967,38.409155693552,38.385409682264594,-0.38540968226459427
MEAS_R000060,MEAS_UNIT_000060,60,C001,S01,5,38.1,38.1180092153677,38.2285882866559,38.2485175116558,38.227585120162836,-0.1275851201628342
MEAS_R000062,MEAS_UNIT_000062,62,C027,S01,5,41.5,38.7184546618389,38.7452368346628,39.0612024919,39.0456750183319,2.454324981668101
MEAS_R000066,MEAS_UNIT_000066,66,C027,S01,5,38.5,38.5070285011148,38.6189171493845,38.6155767291593,38.60469514039716,-0.10469514039716188
MEAS_R000078,MEAS_UNIT_000078,78,C026,S01,5,38.9,38.7820179566065,38.7690554768443,38.6718908944537,38.66740365120939,0.23259634879060798
MEAS_R000080,MEAS_UNIT_000080,80,C016,S01,5,38.9,38.536866596495,38.6493275147203,38.6786783329575,38.667715224117195,0.23228477588280327
MEAS_R000092,MEAS_UNIT_000092,92,C022,S01,5,38.1,38.5624253096859,38.4528454159106,38.7223088431307,38.701289406723724,-0.6012894067237227
MEAS_R000098,MEAS_UNIT_000098,98,C022,S01,5,38.0,38.5759911115575,38.888097746715,38.7352956290194,38.734037829948136,-0.7340378299481358
MEAS_R000103,MEAS_UNIT_000103,103,C014,S01,5,38.5,38.1133560597954,38.7475552163404,38.4057956818026,38.40481175390599,0.09518824609401122
MEAS_R000115,MEAS_UNIT_000115,115,C014,S01,5,38.4,38.5995369150391,38.697059201007,38.582124120012,38.57597676179018,-0.1759767617901815
MEAS_R000121,MEAS_UNIT_000121,121,C023,S01,5,38.8,38.7285750980145,38.9039837270306,38.9197731631865,38.91512600864852,-0.11512600864852374
MEAS_R000124,MEAS_UNIT_000124,124,C023,S01,5,39.1,38.6082207150326,38.9011364170968,38.9244208562425,38.919137104344635,0.18086289565536617
MEAS_R000134,MEAS_UNIT_000134,134,C011,S01,5,38.1,38.0785841333688,38.1384513173984,38.1019070641027,38.08036369112066,0.01963630887934187
MEAS_R000145,MEAS_UNIT_000145,145,C004,S01,5,37.6,37.688076980963,37.6106467514503,37.6960474403711,37.65908845390853,-0.05908845390852946
MEAS_R000156,MEAS_UNIT_000156,156,C028,S01,5,40.3,40.1663699498139,40.2233276380688,40.2103355943754,40.23881093130448,0.06118906869551921
MEAS_R000162,MEAS_UNIT_000162,162,C028,S01,5,40.3,40.2465844826824,40.1962744547802,40.2611538789335,40.287371762820044,0.012628237179953317
MEAS_R000163,MEAS_UNIT_000163,163,C028,S01,5,40.3,40.2881593550414,40.2008371012845,40.2810454270902,40.30711032000168,-0.007110320001679327
MEAS_R000165,MEAS_UNIT_000165,165,C008,S01,5,38.2,38.001241282369,38.153291804463,38.2352925859784,38.21084608710807,-0.010846087108063784
MEAS_R000167,MEAS_UNIT_000167,167,C008,S01,5,38.1,37.9730809900858,38.116750733981,38.146430842173,38.12243332009764,-0.02243332009764032
MEAS_R000168,MEAS_UNIT_000168,168,C008,S01,5,38.1,38.3351800149374,38.1474630531533,38.1446257274269,38.123258647792845,-0.02325864779284359
MEAS_R000181,MEAS_UNIT_000181,181,C030,S01,5,40.3,39.979445744974,40.270402491161,40.1869049193088,40.21752952181606,0.08247047818393582
MEAS_R000186,MEAS_UNIT_000186,186,C030,S01,5,40.2,39.720805332425,40.268320328111,40.0768150754144,40.10926102357371,0.09073897642629447
MEAS_R000197,MEAS_UNIT_000197,197,C018,S01,5,38.8,38.3454515040222,38.8337544650491,38.7942895450361,38.788308143308754,0.011691856691243174
MEAS_R000206,MEAS_UNIT_000206,206,C025,S01,5,39.4,38.8461640777001,39.3880403339464,39.3650021677477,39.371888734831295,0.02811126516870388
MEAS_R000217,MEAS_UNIT_000217,217,C010,S01,5,38.7,38.7091435285609,38.6196720852429,38.672237880327,38.660627436851364,0.03937256314863902
MEAS_R000223,MEAS_UNIT_000223,223,C010,S01,5,38.7,38.7183578388865,38.6670324295423,38.7106348189016,38.700274612096656,-0.0002746120966534704
MEAS_R000224,MEAS_UNIT_000224,224,C010,S01,5,38.7,38.8516194961472,38.7848459176101,38.815066409945,38.80795013131461,-0.10795013131460962
MEAS_R000232,MEAS_UNIT_000232,232,C019,S01,5,39.5,39.5061020605412,39.4827396264173,39.5087619328247,39.51854763624794,-0.01854763624793776
MEAS_R000235,MEAS_UNIT_000235,235,C019,S01,5,39.5,39.4817447928867,39.4271059037021,39.4669547217812,39.47514554228916,0.024854457710837607
MEAS_R000241,MEAS_UNIT_000241,241,C005,S01,5,37.8,37.8166521420737,37.7843007574735,37.7876252398509,37.756787894907966,0.04321210509203155
MEAS_R000245,MEAS_UNIT_000245,245,C005,S01,5,38.0,37.9987580907301,38.0662417963934,38.0071132731341,37.98435769686238,0.01564230313761783
MEAS_R000254,MEAS_UNIT_000254,254,C017,S01,5,39.4,39.2104552129559,39.1781160449235,39.2095582123139,39.21184438988704,0.18815561011295756
MEAS_R000255,MEAS_UNIT_000255,255,C017,S01,5,39.2,38.8968615824508,39.0505617974604,38.9952720425808,38.99603034070693,0.20396965929307243
MEAS_R000258,MEAS_UNIT_000258,258,C017,S01,5,39.1,39.4416356138553,39.4386073391388,39.4314811353285,39.44095916340478,-0.3409591634047757
MEAS_R000268,MEAS_UNIT_000268,268,C020,S01,5,39.6,39.5466974463342,39.5585635822523,39.5627543338326,39.57481237123374,0.025187628766261128
MEAS_R000279,MEAS_UNIT_000279,279,C020,S01,5,40.4,40.1449985460024,40.1211286299958,40.0660885892464,40.093396778529005,0.3066032214709935
MEAS_R000283,MEAS_UNIT_000283,283,C020,S01,5,40.2,40.1751314670354,40.1280416273689,40.0882226071907,40.115392940352386,0.08460705964761672
MEAS_R000292,MEAS_UNIT_000292,292,C009,S01,5,40.6,40.4920468432218,40.5084144651055,40.4442094384366,40.48101588373726,0.11898411626274452
MEAS_R000299,MEAS_UNIT_000299,299,C012,S01,5,39.5,39.9498450064914,39.8891229791495,39.9247920311781,39.94431988739476,-0.44431988739476225
MEAS_R000301,MEAS_UNIT_000301,301,C012,S01,5,39.8,39.9362652838733,39.8505711290387,39.9236825264784,39.94141897254793,-0.1414189725479318
MEAS_R000312,MEAS_UNIT_000312,312,C006,S01,5,38.4,38.6127996014085,38.847345788202,38.678784138398,38.67718234637401,-0.27718234637401196
MEAS_R000316,MEAS_UNIT_000316,316,C006,S01,5,39.4,39.6525190096671,39.6648588653183,39.6218613355814,39.63767787043486,-0.2376778704348581
MEAS_R000326,MEAS_UNIT_000326,326,C015,S01,5,38.2,38.2234070551043,38.2821214385939,38.2656396827182,38.24708498234929,-0.04708498234928982
MEAS_R000332,MEAS_UNIT_000332,332,C015,S01,5,39.7,39.0370488453265,38.9533278303772,39.0172702210719,39.013454196620316,0.686545803379687
MEAS_R000333,MEAS_UNIT_000333,333,C015,S01,5,40.0,39.0190028866776,38.9288979235506,39.0318734544093,39.02650884347306,0.97349115652694
MEAS_R000341,MEAS_UNIT_000341,341,C007,S01,5,38.5,39.1288895332927,39.1400177527577,39.1922330701356,39.19293445579401,-0.6929344557940098
MEAS_R000348,MEAS_UNIT_000348,348,C007,S01,5,39.7,39.5132483283966,39.5365859527985,39.5274371470204,39.53925836686244,0.16074163313756173
MEAS_R000355,MEAS_UNIT_000355,355,C007,S01,5,38.3,39.7500627388702,39.7613868444175,39.7411650367974,39.75875783004512,-1.4587578300451227
MEAS_R000357,MEAS_UNIT_000357,357,C013,S01,5,39.3,38.9857330537901,39.0471617067776,39.0810910702824,39.079833621357245,0.22016637864275168
MEAS_R000361,MEAS_UNIT_000361,361,C013,S01,5,39.3,38.8530738635079,38.9409369308865,39.0170061632012,39.012031182017516,0.2879688179824811
MEAS_R000367,MEAS_UNIT_000367,367,C024,S01,5,38.0,38.4205675276589,38.4897418054521,38.4382885601358,38.425613567841694,-0.4256135678416939
MEAS_R000368,MEAS_UNIT_000368,368,C024,S01,5,38.0,38.3909740760772,38.4700241764463,38.4387594845132,38.425069044456976,-0.4250690444569756
MEAS_R000381,MEAS_UNIT_000381,381,C024,S01,5,38.5,38.4876859453933,38.5362431248811,38.4836996383242,38.47224714554269,0.02775285445731157
MEAS_R000388,MEAS_UNIT_000388,388,C002,S01,5,39.0,39.0963322519549,39.0342148479399,38.9475515200644,38.949395800354644,0.05060419964535612
MEAS_R000390,MEAS_UNIT_000390,390,C002,S01,5,39.0,38.874561040821,38.9935009138611,38.9415415498914,38.94094413563449,0.05905586436551147
MEAS_R000396,MEAS_UNIT_000396,396,C003,S01,5,38.6,38.5958872110789,38.5135582274226,38.6077079343914,38.592458947676064,0.007541052323936981
MEAS_R000399,MEAS_UNIT_000399,399,C004,S01,5,37.7,37.6549626150409,37.6499676837423,37.7478720851312,37.7113203744827,-0.011320374482700402
MEAS_R000400,MEAS_UNIT_000400,400,C004,S01,5,37.5,37.7668974966705,37.5866008716992,37.5930266806595,37.557792192477386,-0.057792192477386095
MEAS_R000403,MEAS_UNIT_000403,403,C005,S01,5,37.7,37.864249796858,37.806117794447,37.8018599734325,37.77182514374251,-0.07182514374250815
MEAS_R000417,MEAS_UNIT_000417,417,C009,S01,5,40.4,40.3825066798534,40.4133440381678,40.4324769555265,40.46484478250372,-0.0648447825037195
MEAS_R000434,MEAS_UNIT_000434,434,C011,S01,5,38.1,37.929283614572,38.1315894526175,38.099070455216,38.07679921369031,0.02320078630969391
MEAS_R000439,MEAS_UNIT_000439,439,C013,S01,5,39.0,38.877910140638,38.9539460275903,39.0141285463189,39.00990491053967,-0.009904910539667355
MEAS_R000445,MEAS_UNIT_000445,445,C013,S01,5,39.1,38.9722522544855,39.0694268850009,39.0802281857609,39.07997399499735,0.020026005002648617
MEAS_R000454,MEAS_UNIT_000454,454,C016,S01,5,38.7,38.5790452489669,38.6737983879535,38.7283823527288,38.717439244507105,-0.017439244507102103
MEAS_R000458,MEAS_UNIT_000458,458,C017,S01,5,39.0,38.8983226108654,39.0637380715245,38.9778260968411,38.97963223995268,0.020367760047321326
MEAS_R000460,MEAS_UNIT_000460,460,C018,S01,5,38.8,38.755011526046,38.8180993561704,38.7963626097068,38.790932997788175,0.009067002211821773
MEAS_R000462,MEAS_UNIT_000462,462,C018,S01,5,38.8,38.6691049095877,38.7858738007408,38.7736567353336,38.76703331026962,0.03296668973037953
MEAS_R000465,MEAS_UNIT_000465,465,C019,S01,5,39.4,39.3824183587437,39.3859560864324,39.4137026217812,39.42100933561809,-0.021009335618089153
MEAS_R000474,MEAS_UNIT_000474,474,C021,S01,5,38.2,38.1134815368776,38.2131513420789,38.2371330690005,38.215759949943205,-0.0157599499432024
MEAS_R000482,MEAS_UNIT_000482,482,C023,S01,5,38.9,38.6185921158353,38.8284488638138,38.9192320005526,38.910764445237206,-0.010764445237207099
MEAS_R000486,MEAS_UNIT_000486,486,C025,S01,5,39.4,39.0352104431211,39.4611075432358,39.3713156402511,39.382020288276564,0.017979711723434377
MEAS_R000487,MEAS_UNIT_000487,487,C025,S01,5,39.4,39.463341946419,39.3932597590556,39.3665600798935,39.375644002333736,0.024355997666262397
MEAS_R000500,MEAS_UNIT_000500,500,C026,S01,5,38.6,38.7666833127337,38.6058576941461,38.5799035462051,38.570152620566375,0.02984737943362603
MEAS_R000506,MEAS_UNIT_000506,506,C027,S01,5,38.6,38.5203222074215,38.7392075040052,38.612944579548,38.607710980259,-0.007710980258998745
MEAS_R000516,MEAS_UNIT_000516,516,C029,S01,5,38.3,38.2121769926713,38.2739604098012,38.2878779577647,38.268354891563874,0.03164510843612334
MEAS_R000518,MEAS_UNIT_000518,518,C030,S01,5,40.3,40.1951804356539,40.2873706338293,40.1860713870056,40.218195886456044,0.0818041135439529
