"FoldID","RowID","Source","AbsResidual"
1,997,"S01",0.133721398356961
1,1005,"S01",0.0240875244391602
1,1006,"S01",0.033458759871813
1,1010,"S01",0.106661900130994
1,1013,"S01",0.183918498462653
1,1015,"S01",0.109901468099224
1,1024,"S01",0.287692593177653
1,1027,"S01",0.123251052907648
1,1029,"S01",0.096187456266378
1,1031,"S01",0.0387353804018388
1,1040,"S01",0.0930925214460813
1,1044,"S01",0.356759249616964
1,1049,"S01",0.269230423811223
1,1055,"S01",0.286141459909871
1,1058,"S01",0.703494800294948
1,1063,"S01",0.0963701067393429
1,1065,"S01",0.311432505251155
1,1069,"S01",0.217103818237625
1,1074,"S01",0.11882030234473
1,1077,"S01",0.415903504022836
1,1085,"S01",0.167970032468425
1,1086,"S01",0.606955620530329
1,1087,"S01",0.395934459858324
1,1091,"S01",0.0281955576476207
1,1104,"S01",0.210597039353054
1,1105,"S01",0.151429784170254
1,1113,"S01",0.36888286299591
1,1121,"S01",0.50404820797651
1,1123,"S01",0.0229207034057381
1,1125,"S01",0.289215197773139
1,2,"S03",0.060953446363662
1,6,"S03",0.0415492335976424
1,19,"S03",0.0187821998133017
1,21,"S03",0.109484393243505
1,22,"S03",0.108225584785849
1,29,"S03",0.0574580274064828
1,38,"S03",0.0233973318109548
1,43,"S03",0.0168203261415058
1,47,"S03",0.0147304057308303
1,50,"S03",0.0040236337723342
1,54,"S03",0.0075646534663817
1,57,"S03",0.0166608149801064
1,63,"S03",0.027580793054426
1,65,"S03",0.0254908875778028
1,75,"S03",0.145700039002563
1,76,"S03",0.149320174337234
1,79,"S03",0.0546170458539307
1,86,"S03",0.0129247821502431
1,91,"S03",0.027737749641794
1,102,"S03",0.0282020946334142
1,103,"S03",0.0153497854124324
1,109,"S03",0.0152299138202636
1,113,"S03",0.0293032013601646
1,115,"S03",0.0367506898456753
1,117,"S03",0.0098636212430278
1,131,"S03",0.020739356011866
1,135,"S03",0.0504821872616716
1,136,"S03",0.0682487351520393
1,138,"S03",0.0326231282878595
1,143,"S03",0.0014114827647091
1,151,"S03",0.663532359079866
1,152,"S03",0.663414923850141
1,157,"S03",0.0296318224012495
1,166,"S03",0.0354728972244089
1,169,"S03",0.0358288872591572
1,171,"S03",0.0086742385579015
1,176,"S03",0.0059944077387541
1,180,"S03",0.0039817359087308
1,185,"S03",0.045950774275127
1,189,"S03",0.105454787629995
1,191,"S03",0.0023001680252434
1,194,"S03",0.0093369491058226
1,201,"S03",0.0362510143658454
1,205,"S03",0.0001948215507781
1,211,"S03",0.167775464023613
1,212,"S03",0.166079656828806
1,218,"S03",0.0136283562883576
1,219,"S03",0.207054510323303
1,228,"S03",0.0249241652621279
1,229,"S03",0.174238385807555
1,237,"S03",0.19151506959146
1,245,"S03",0.0163337732849768
1,250,"S03",0.0145981188534349
1,252,"S03",0.0061652678563888
1,272,"S03",0.242845123676567
1,276,"S03",0.190709598734998
1,282,"S04",0.0104736049661369
1,284,"S04",0.0983935400540119
1,288,"S04",0.0674988817886514
1,303,"S04",0.0156429942697897
1,304,"S04",0.0012996765197783
1,305,"S04",0.0019585650384854
1,307,"S04",0.0211683289024264
1,311,"S04",0.229363814585284
1,314,"S04",0.0007947604496436
1,318,"S04",0.0197895122140536
1,322,"S04",0.015822417387767
1,324,"S04",0.0192361875498576
1,338,"S04",0.0034075096510761
1,340,"S04",0.0239483192716249
1,342,"S04",0.0054017814709226
1,356,"S04",0.041455573060162
1,357,"S04",0.156246136593687
1,366,"S04",0.0531962805464019
1,368,"S04",0.101965075147447
1,370,"S04",0.0039467492035285
1,374,"S04",0.0190985330358515
1,375,"S04",0.0966621595170806
1,382,"S04",0.0247764065706306
1,390,"S04",0.0142154882207776
1,392,"S04",0.258104320777733
1,395,"S04",0.018095006394212
2,1002,"S01",0.169287123067413
2,1007,"S01",0.290431538472333
2,1008,"S01",0.151655607788974
2,1017,"S01",0.104168974909392
2,1018,"S01",0.0797955302552608
2,1028,"S01",0.0095076286802893
2,1032,"S01",0.115569472216379
2,1036,"S01",0.409896960723607
2,1045,"S01",0.0138234522373039
2,1046,"S01",0.280939893905071
2,1047,"S01",0.537091226582724
2,1051,"S01",0.298013098871863
2,1052,"S01",0.851887796742687
2,1064,"S01",0.495846778747015
2,1066,"S01",0.100985106595822
2,1070,"S01",0.409169916967834
2,1076,"S01",0.597516391302406
2,1080,"S01",0.472303672020843
2,1083,"S01",0.934132229878422
2,1090,"S01",0.850364985675469
2,1097,"S01",0.360165283605163
2,1101,"S01",1.34087030278673
2,1106,"S01",0.191576878370512
2,1107,"S01",0.0753000295339347
2,1119,"S01",0.14572790759096
2,1120,"S01",0.403863115636341
2,1127,"S01",0.288042836811833
2,1129,"S01",0.378062958814205
2,5,"S03",0.223996299160142
2,7,"S03",0.0932359931276352
2,23,"S03",0.0293864910362842
2,25,"S03",0.0197291205253122
2,30,"S03",0.014345122204574
2,32,"S03",0.010645873441895
2,37,"S03",0.0354937822693059
2,42,"S03",0.0070685153946215
2,52,"S03",0.0080750798973951
2,53,"S03",0.0066179718311261
2,55,"S03",0.0165425952027362
2,61,"S03",0.0133199422858751
2,71,"S03",0.0474547862567646
2,74,"S03",0.0149159889438053
2,77,"S03",0.0538427303679469
2,82,"S03",0.0124131435100593
2,83,"S03",0.0090738907887768
2,90,"S03",0.0307546022906208
2,94,"S03",0.0893310154026494
2,95,"S03",0.0442334521647396
2,106,"S03",0.0511783960377556
2,110,"S03",0.0287907940850686
2,114,"S03",0.134891201171286
2,120,"S03",0.212243333942162
2,122,"S03",0.0218548568213066
2,129,"S03",0.0056136273939131
2,132,"S03",0.0195135726329382
2,140,"S03",0.0395189764460326
2,144,"S03",0.0095972718588512
2,150,"S03",0.0229463571847716
2,153,"S03",0.0025312505621002
2,156,"S03",0.0439080376782996
2,159,"S03",0.0186604871702016
2,164,"S03",0.0060185547483229
2,167,"S03",0.183997234296157
2,174,"S03",0.0294385710211813
2,179,"S03",0.0043787223068463
2,188,"S03",0.096744510425843
2,190,"S03",0.122455235006853
2,198,"S03",0.0349295696594893
2,199,"S03",0.0534001304265956
2,210,"S03",0.0526200131083385
2,216,"S03",0.0162741838802915
2,217,"S03",0.0392223318859024
2,220,"S03",0.139080899105345
2,224,"S03",0.0332755275781835
2,227,"S03",0.0085795314792633
2,235,"S03",4.93998033377352e-05
2,236,"S03",0.0057238942959401
2,243,"S03",0.0092248580738569
2,246,"S03",0.0043771114187336
2,247,"S03",0.161568178574939
2,277,"S03",0.31041188696139
2,279,"S03",0.479861541839007
2,283,"S04",0.013487273120063
2,289,"S04",0.0201383546861961
2,292,"S04",0.0327064894412316
2,298,"S04",0.009834082966492
2,301,"S04",0.0100838468822246
2,302,"S04",0.0471482527050355
2,306,"S04",0.0414729004239617
2,310,"S04",0.0301928624902245
2,315,"S04",0.0226519816372032
2,319,"S04",0.0041587306854182
2,328,"S04",0.0276792355392245
2,329,"S04",0.0321443579893241
2,334,"S04",0.0151111007841819
2,337,"S04",0.0824668312501515
2,341,"S04",0.0051698117492051
2,351,"S04",0.0100838468822246
2,359,"S04",0.008823001902769
2,363,"S04",0.0301928624902245
2,367,"S04",0.0075702199312175
2,371,"S04",0.036808629206618
2,376,"S04",0.0461371716412486
2,381,"S04",0.0327064894412316
2,383,"S04",0.232444286213244
2,394,"S04",0.0181515443373498
2,397,"S04",0.132444286213243
2,398,"S04",0.0424839814877486
3,1003,"S01",0.271910025437869
3,1009,"S01",0.0756459455758857
3,1011,"S01",0.132825289334114
3,1014,"S01",0.341139705871171
3,1022,"S01",0.0396000774195073
3,1023,"S01",0.89880250971779
3,1030,"S01",0.0765508011080911
3,1037,"S01",0.156153451052937
3,1041,"S01",0.112123652443422
3,1043,"S01",0.0152738392082838
3,1048,"S01",0.132099599146635
3,1054,"S01",0.263720156689061
3,1059,"S01",0.286931958530495
3,1060,"S01",0.299956397233679
3,1068,"S01",0.148486314533287
3,1071,"S01",0.155834646927232
3,1078,"S01",0.751888993548583
3,1079,"S01",0.10603866212211
3,1093,"S01",0.249068891032813
3,1094,"S01",0.177117672915962
3,1096,"S01",1.37053758453093
3,1099,"S01",1.2680664450458
3,1102,"S01",0.116077626567346
3,1111,"S01",0.1905811206477
3,1114,"S01",0.349850022710399
3,1124,"S01",0.157348308431047
3,1128,"S01",0.102858443075057
3,3,"S03",0.020371748559782
3,4,"S03",0.176490266783084
3,24,"S03",0.0131299802779381
3,27,"S03",0.0925656082293926
3,28,"S03",0.0923917492066905
3,31,"S03",0.0058692372577411
3,33,"S03",0.037839033296926
3,40,"S03",0.0788023270612967
3,41,"S03",0.0024228690430447
3,44,"S03",0.0031736258032353
3,49,"S03",0.0107212744739655
3,56,"S03",0.0175896547960974
3,66,"S03",0.0018472488825906
3,67,"S03",0.018085332115568
3,78,"S03",0.0357112578592548
3,81,"S03",0.0008707586961449
3,88,"S03",0.0614944996730884
3,96,"S03",0.0164565147804935
3,98,"S03",0.0188485194728116
3,99,"S03",0.0126010594662488
3,111,"S03",0.0191182980123727
3,112,"S03",0.0210138797846468
3,116,"S03",0.0151414856849001
3,118,"S03",0.0022495483533049
3,125,"S03",0.0759674589782122
3,126,"S03",0.0685248484030225
3,127,"S03",0.155357957704623
3,133,"S03",0.0527796953958983
3,145,"S03",0.238135935034698
3,149,"S03",0.0231971058300004
3,154,"S03",0.011160239271696
3,158,"S03",0.0546195107604035
3,161,"S03",0.162335416526496
3,162,"S03",0.157672255579555
3,168,"S03",0.105543872018053
3,181,"S03",0.491714047541564
3,182,"S03",0.490938601583423
3,183,"S03",0.371424487356883
3,184,"S03",0.379342719378357
3,192,"S03",0.0531915219669301
3,196,"S03",0.0106067053177127
3,203,"S03",0.122266548078805
3,208,"S03",0.0038577813221323
3,221,"S03",0.0678737535210558
3,223,"S03",0.0381950402975519
3,226,"S03",0.019646376165717
3,238,"S03",0.102459216612729
3,239,"S03",0.0001542328337222
3,240,"S03",0.0015457020478848
3,249,"S03",0.0556017792830729
3,251,"S03",0.0221041763115081
3,254,"S03",0.0021950997146902
3,273,"S03",0.301261240088849
3,278,"S03",0.840220709379537
3,281,"S04",0.10930921583504
3,287,"S04",0.06423073287133
3,293,"S04",0.193574475987198
3,295,"S04",0.0215139474151939
3,296,"S04",0.130224499547587
3,312,"S04",0.0672881038024328
3,313,"S04",0.0773633942359168
3,323,"S04",0.0521364243391104
3,325,"S04",0.0654988423124507
3,327,"S04",0.174274451627923
3,333,"S04",0.540963933159674
3,339,"S04",0.0074258345744624
3,353,"S04",0.118417666303472
3,354,"S04",0.236250371114352
3,362,"S04",0.125866440989334
3,364,"S04",0.370510624402208
3,365,"S04",0.580288043068222
3,377,"S04",0.0132891467053184
3,379,"S04",0.104725772944946
3,386,"S04",0.0717792942330177
3,387,"S04",0.11691833397758
3,389,"S04",0.0745858287537899
3,396,"S04",0.0309835287606148
4,1000,"S01",0.257122540897541
4,1001,"S01",0.374825749255841
4,1012,"S01",0.138760706236447
4,1016,"S01",0.0400019874037056
4,1021,"S01",0.265243070905363
4,1025,"S01",0.133637443466782
4,1034,"S01",0.0681695923346907
4,1035,"S01",0.89114751669694
4,1038,"S01",0.0939700376183907
4,1039,"S01",0.0958858789286196
4,1053,"S01",0.109760864424707
4,1057,"S01",0.370959122892508
4,1061,"S01",0.359901090414368
4,1067,"S01",1.39539126048854
4,1072,"S01",0.095055538653817
4,1081,"S01",0.409414028108138
4,1084,"S01",0.664230783133071
4,1089,"S01",0.0807678760524339
4,1098,"S01",0.307338300775967
4,1100,"S01",1.52542243985994
4,1109,"S01",0.12954489543359
4,1110,"S01",0.124809163775517
4,1115,"S01",0.256269516123005
4,1116,"S01",0.100092772982343
4,1126,"S01",0.883431244685703
4,1,"S03",0.0183625758310626
4,8,"S03",0.187104296925135
4,15,"S03",0.0452601828922567
4,17,"S03",0.0177789758337638
4,34,"S03",0.0391782959322455
4,35,"S03",0.0942113959435388
4,36,"S03",0.115167927769505
4,39,"S03",0.0197451884262775
4,46,"S03",0.0359615666763986
4,48,"S03",0.0195892470919858
4,59,"S03",0.0145670836068063
4,60,"S03",0.0013804879612209
4,70,"S03",0.0146261192325027
4,73,"S03",0.0309032246446534
4,80,"S03",0.0470172051463961
4,84,"S03",0.0076933492440716
4,85,"S03",0.0044810179712087
4,89,"S03",0.0374887529762801
4,93,"S03",0.0522519086381692
4,97,"S03",0.0198251643309816
4,104,"S03",0.0181847290775891
4,107,"S03",0.137420729697929
4,119,"S03",0.0710829569781026
4,123,"S03",0.140324936283186
4,124,"S03",0.106453153325859
4,128,"S03",0.0985062865208661
4,139,"S03",0.0304661616378609
4,142,"S03",0.0048243612839442
4,147,"S03",0.503905943951175
4,148,"S03",0.516894063137279
4,155,"S03",0.0224211435109609
4,163,"S03",0.001895882789114
4,165,"S03",0.0275074645571251
4,173,"S03",0.0269082385869623
4,177,"S03",0.0592367295277966
4,178,"S03",0.0722921325414347
4,187,"S03",0.0543097756271251
4,195,"S03",0.0026451308085384
4,202,"S03",0.0431744241550262
4,207,"S03",0.0466674826009949
4,213,"S03",0.071204244689575
4,215,"S03",0.0363734165485709
4,225,"S03",0.0044776243458457
4,231,"S03",0.0035110475319442
4,233,"S03",0.0151788956217444
4,241,"S03",0.0165995400884
4,248,"S03",0.22868955822549
4,253,"S03",0.0280329954698714
4,274,"S03",0.473409501270744
4,275,"S03",0.251252470213274
4,286,"S04",0.0267586223311155
4,291,"S04",0.0830019768995953
4,297,"S04",0.0058728861529715
4,300,"S04",0.0095548725853404
4,308,"S04",0.0345669747640471
4,317,"S04",0.0120252211870663
4,320,"S04",0.0082825054087933
4,326,"S04",0.0321769249282155
4,330,"S04",0.174622553789625
4,335,"S04",0.173182983577988
4,336,"S04",0.0088409523109191
4,352,"S04",0.0094658713458386
4,355,"S04",0.0254917504082285
4,360,"S04",0.0325671972267826
4,361,"S04",0.023907792756205
4,373,"S04",0.0280542043023785
4,378,"S04",0.0449729353283316
4,385,"S04",0.003969928249873
4,388,"S04",0.148459961165642
4,391,"S04",0.0103288826086682
4,393,"S04",0.0058664712591109
5,998,"S01",0.231097515885601
5,999,"S01",0.247672367513303
5,1004,"S01",0.248228713362899
5,1019,"S01",0.321063595065098
5,1020,"S01",0.171514506001088
5,1026,"S01",0.09363080001647
5,1033,"S01",0.0054427290805989
5,1042,"S01",0.383889790103232
5,1050,"S01",0.224404815182545
5,1056,"S01",0.787943863810646
5,1062,"S01",0.786030211045741
5,1073,"S01",0.77852378146013
5,1075,"S01",0.120426112218169
5,1082,"S01",0.0873970257454104
5,1088,"S01",0.380857616449226
5,1092,"S01",0.115242503358132
5,1095,"S01",0.376364831504432
5,1103,"S01",0.0660914876150045
5,1108,"S01",0.432836712991886
5,1117,"S01",0.468128212861494
5,1118,"S01",0.575754182126921
5,1122,"S01",0.120746420788301
5,9,"S03",0.389088719176797
5,16,"S03",0.0700654970812379
5,18,"S03",0.0314982880545784
5,20,"S03",0.051108003886604
5,26,"S03",0.0247031104279784
5,45,"S03",0.0565268329043746
5,51,"S03",0.023006806836868
5,58,"S03",0.0195723877327296
5,62,"S03",0.0037690408777208
5,64,"S03",0.0196278943773435
5,68,"S03",0.00668573145132
5,69,"S03",0.0093473729743465
5,72,"S03",0.0258098951317578
5,87,"S03",0.0806768091787546
5,92,"S03",0.0388687565884993
5,100,"S03",0.0261778128439758
5,101,"S03",0.0331818784539663
5,105,"S03",0.0374093448918841
5,108,"S03",0.110686501915737
5,121,"S03",0.0753735170198695
5,130,"S03",0.0217914422558038
5,134,"S03",0.047441340865781
5,137,"S03",0.0173446854959067
5,141,"S03",0.0108289103381409
5,146,"S03",0.249894297592654
5,160,"S03",0.0249905669363244
5,170,"S03",0.0312122574286419
5,172,"S03",0.0050383463123964
5,175,"S03",0.0102084676121947
5,186,"S03",0.044325287640099
5,193,"S03",0.0056423130254046
5,197,"S03",0.0132777998450279
5,200,"S03",0.0521887593730383
5,204,"S03",0.0998728299241662
5,206,"S03",0.0122390157467222
5,209,"S03",0.0514491511940207
5,214,"S03",0.0505261357971491
5,222,"S03",0.0788818411431862
5,230,"S03",0.179213191866609
5,232,"S03",5.17605861674042e-05
5,234,"S03",0.0160505363032967
5,242,"S03",0.0309261851361668
5,244,"S03",0.0150840405999161
5,280,"S03",0.382874245779142
5,285,"S04",0.0240755148556388
5,290,"S04",0.0073023754596306
5,294,"S04",0.0242320168430012
5,299,"S04",0.0091646657083614
5,309,"S04",0.0267207309595747
5,316,"S04",0.0199875797179132
5,321,"S04",0.027425661137336
5,331,"S04",0.0398272015008132
5,332,"S04",0.0053887520986748
5,343,"S04",0.0110812757286993
5,358,"S04",0.0057333839993773
5,369,"S04",0.0239229115273431
5,372,"S04",0.0222591409344232
5,380,"S04",0.0325669805890811
5,384,"S04",0.0175572099424172
5,399,"S04",0.0116328353006949
5,400,"S04",0.0066583715507633
