RecordID,MeasurementUnitID,RowID,CowKey,Source,FoldID,Actual_C,Predicted_Full_ABC_C,Predicted_Without_C_AB_C,Predicted_Without_B_AC_C,Predicted_Without_A_BC_C
MEAS_R000001,MEAS_UNIT_000001,1,C021,S01,4,38.3,38.28416427221576,38.23610531036417,38.70276647992577,38.25045512356054
MEAS_R000002,MEAS_UNIT_000002,2,C021,S01,4,38.3,38.203166793753695,38.175543679183555,38.54804375373525,38.173167016274164
MEAS_R000003,MEAS_UNIT_000003,3,C021,S01,3,38.2,38.19038552558712,38.16475422731959,38.80673983473287,38.168832740941184
MEAS_R000004,MEAS_UNIT_000004,4,C021,S01,1,38.4,38.1890721012592,38.15332336048491,38.64508598737383,38.160442278116804
MEAS_R000005,MEAS_UNIT_000005,5,C021,S01,1,38.1,38.23929410248645,38.2358042759752,38.60873342825302,38.19517457626489
MEAS_R000006,MEAS_UNIT_000006,6,C021,S01,5,38.3,38.332940183822224,38.290581445613434,38.779353078039044,38.333378800598375
MEAS_R000007,MEAS_UNIT_000007,7,C021,S01,2,38.3,38.21965696754368,38.27363966392342,38.61769500856114,38.34498860805125
MEAS_R000008,MEAS_UNIT_000008,8,C021,S01,3,38.2,38.20378301792219,38.232318629195895,38.61883294625516,38.38142200905695
MEAS_R000009,MEAS_UNIT_000009,9,C021,S01,1,38.0,38.24756507879125,38.256671964630016,38.59919249148638,38.44013533491794
MEAS_R000010,MEAS_UNIT_000010,10,C003,S01,1,39.0,38.53230713981594,38.424861751388704,38.60792542626544,38.443045279169645
MEAS_R000011,MEAS_UNIT_000011,11,C003,S01,2,38.8,38.55884951596989,38.53164914508042,38.5768356325501,38.54696550373499
MEAS_R000012,MEAS_UNIT_000012,12,C003,S01,4,38.7,38.48979091960168,38.528601627898205,38.57655592480874,38.46465947245683
MEAS_R000013,MEAS_UNIT_000013,13,C003,S01,3,38.4,38.50923317470524,38.53049522627756,38.696297962288284,38.49764132682171
MEAS_R000014,MEAS_UNIT_000014,14,C003,S01,5,38.5,38.46813750456423,38.447129729119,38.590338473084145,38.485722025198505
MEAS_R000015,MEAS_UNIT_000015,15,C003,S01,4,38.4,38.4743731156197,38.473468230574454,38.56412719583005,38.46123124558875
MEAS_R000016,MEAS_UNIT_000016,16,C003,S01,5,38.5,38.46088448809713,38.43473421204069,38.60004709808395,38.50745887792991
MEAS_R000017,MEAS_UNIT_000017,17,C003,S01,1,38.3,38.49375846830409,38.488176518139454,38.399676800262725,38.50230717189286
MEAS_R000018,MEAS_UNIT_000018,18,C003,S01,1,38.5,38.51672752346851,38.52817634758753,38.68621318681748,38.497792910982405
MEAS_R000019,MEAS_UNIT_000019,19,C003,S01,2,39.0,38.574467859589305,38.62500740307463,38.759940379261316,38.64620114678155
MEAS_R000020,MEAS_UNIT_000020,20,C003,S01,4,38.6,38.74459719497534,38.68913445281014,38.74730699966846,38.676735849262656
MEAS_R000021,MEAS_UNIT_000021,21,C003,S01,1,38.0,38.63568394799033,38.72729562451486,38.86045446840854,38.735799898020765
MEAS_R000022,MEAS_UNIT_000022,22,C002,S01,5,38.2,39.13096977848674,39.20778698649149,38.68363484190031,39.2927237785514
MEAS_R000023,MEAS_UNIT_000023,23,C002,S01,1,39.5,39.06691837786867,39.091158560541366,38.888528721908,39.0819272340726
MEAS_R000024,MEAS_UNIT_000024,24,C002,S01,2,39.1,39.1446313610854,39.08312985742897,38.62520106598544,39.13586514094803
MEAS_R000025,MEAS_UNIT_000025,25,C002,S01,4,38.5,39.05013981223831,39.050879352483896,38.680201659492965,39.00827283005969
MEAS_R000026,MEAS_UNIT_000026,26,C002,S01,5,39.3,38.97382488358415,38.97876597301441,38.633038690276244,38.960572716818454
MEAS_R000027,MEAS_UNIT_000027,27,C002,S01,2,39.2,39.012800075942096,39.05053670175667,38.659852686217704,39.04828325697646
MEAS_R000028,MEAS_UNIT_000028,28,C002,S01,1,38.8,38.95127278281427,38.94644871442734,38.649303560684146,38.99586307650166
MEAS_R000029,MEAS_UNIT_000029,29,C002,S01,3,39.0,38.96493319853481,38.98808514814887,38.591095842530194,38.93098839787191
MEAS_R000030,MEAS_UNIT_000030,30,C002,S01,4,38.9,39.04945387510666,39.065275172134804,38.67219622600175,39.02752980531115
MEAS_R000031,MEAS_UNIT_000031,31,C002,S01,1,40.0,39.221920073099845,39.200124242490574,38.67507961497601,39.079118037951716
MEAS_R000032,MEAS_UNIT_000032,32,C002,S01,3,39.7,39.30717626107811,39.296160023841956,38.76584584636883,39.255910259466596
MEAS_R000033,MEAS_UNIT_000033,33,C002,S01,4,39.6,39.16224619353821,39.272522929189336,38.75812612600838,39.28406881940793
MEAS_R000034,MEAS_UNIT_000034,34,C002,S01,2,39.2,39.31119063570729,39.324244632030336,38.63919950970746,39.38792960023108
MEAS_R000035,MEAS_UNIT_000035,35,C029,S01,3,38.1,38.39980015193501,38.374502829897196,38.697836448138005,38.37712128684713
MEAS_R000036,MEAS_UNIT_000036,36,C029,S01,4,38.1,38.36201141642152,38.36329712083583,38.72708165505253,38.35658679035495
MEAS_R000037,MEAS_UNIT_000037,37,C029,S01,1,38.0,38.306016222403294,38.30456873242182,38.63364470210652,38.276717468373604
MEAS_R000038,MEAS_UNIT_000038,38,C029,S01,2,38.2,38.26787787227097,38.2108725063314,38.643291613019535,38.27663517205667
MEAS_R000039,MEAS_UNIT_000039,39,C029,S01,5,38.1,38.28979243966296,38.2605095802614,38.64647186429047,38.22977160687054
MEAS_R000040,MEAS_UNIT_000040,40,C029,S01,2,38.5,38.27305987053797,38.26513157986766,38.73157218233834,38.231438577554854
MEAS_R000041,MEAS_UNIT_000041,41,C029,S01,1,38.5,38.27072096624463,38.27651059526495,38.63248128919942,38.274479131666354
MEAS_R000042,MEAS_UNIT_000042,42,C029,S01,3,38.5,38.280337880858205,38.27261300010196,38.63794024853653,38.258624301919106
MEAS_R000043,MEAS_UNIT_000043,43,C029,S01,5,38.5,38.42805913028835,38.5113984134383,38.691776313938284,38.479551984855135
MEAS_R000044,MEAS_UNIT_000044,44,C029,S01,2,38.4,38.43534321650056,38.45792600552183,38.74056938369412,38.53434387340827
MEAS_R000045,MEAS_UNIT_000045,45,C029,S01,4,38.4,38.56276610811963,38.52385204214815,38.67874565059084,38.464556117415036
MEAS_R000046,MEAS_UNIT_000046,46,C029,S01,3,38.9,38.345999580330215,38.31509040139152,38.609551373367594,38.41396682692769
MEAS_R000047,MEAS_UNIT_000047,47,C001,S01,2,38.0,38.3186189388211,38.2622857006759,38.611589905130515,38.25864424295621
MEAS_R000048,MEAS_UNIT_000048,48,C001,S01,5,38.9,38.45744118965826,38.15535630679404,38.51723212654022,38.15960322757355
MEAS_R000049,MEAS_UNIT_000049,49,C001,S01,4,39.2,38.32583044181863,38.177814856595866,38.68378581967647,38.199103346143836
MEAS_R000050,MEAS_UNIT_000050,50,C001,S01,3,38.3,38.16337994336986,38.17938129460229,38.52169178417286,38.194381657699374
MEAS_R000051,MEAS_UNIT_000051,51,C001,S01,5,38.0,38.21336837808966,38.26220680424883,38.633314045174586,38.21727576432985
MEAS_R000052,MEAS_UNIT_000052,52,C001,S01,1,38.0,38.172612603332055,38.16917071817723,38.60826550244649,38.181564154961194
MEAS_R000053,MEAS_UNIT_000053,53,C001,S01,2,38.2,38.19855093859638,38.26826072395491,38.53193162400143,38.146681492406394
MEAS_R000054,MEAS_UNIT_000054,54,C001,S01,3,38.0,38.20459339238616,38.241521160698326,38.6074272810014,38.203684881792135
MEAS_R000055,MEAS_UNIT_000055,55,C001,S01,1,38.4,38.17875770373334,38.18857369848736,38.68398643094832,38.233425225563956
MEAS_R000056,MEAS_UNIT_000056,56,C001,S01,4,38.1,38.17825164593397,38.19324274187396,38.44302553538161,38.190579552840724
MEAS_R000057,MEAS_UNIT_000057,57,C001,S01,3,38.2,38.370069073889056,38.340534097141735,38.774052446674446,38.35373094048957
MEAS_R000058,MEAS_UNIT_000058,58,C001,S01,2,38.3,38.26085083510176,38.19453170745584,38.62538373412345,38.38066342714662
MEAS_R000059,MEAS_UNIT_000059,59,C001,S01,2,38.1,38.25241565769213,38.27423485921666,38.848488009240185,38.38308109048258
MEAS_R000060,MEAS_UNIT_000060,60,C001,S01,4,38.1,38.19551840281464,38.19067606382015,38.60143572799411,38.35370574964858
MEAS_R000061,MEAS_UNIT_000061,61,C027,S01,4,38.9,38.93581047896491,38.88153639972087,38.60018536157557,38.94756148521524
MEAS_R000062,MEAS_UNIT_000062,62,C027,S01,2,41.5,38.87554600714214,38.736724626212904,38.675642711243256,38.75429501174361
MEAS_R000063,MEAS_UNIT_000063,63,C027,S01,3,38.7,39.919430514499815,39.23218339006573,38.65159641740593,38.89871092747866
MEAS_R000064,MEAS_UNIT_000064,64,C027,S01,5,38.5,38.66638088017872,39.04625479461323,38.60784487033288,38.820798239504946
MEAS_R000065,MEAS_UNIT_000065,65,C027,S01,4,38.6,38.69978099644637,38.875539149252724,38.44309460400748,38.81199653338434
MEAS_R000066,MEAS_UNIT_000066,66,C027,S01,3,38.5,38.67149809482635,38.755426875973264,38.72227822920786,38.77794725043502
MEAS_R000067,MEAS_UNIT_000067,67,C027,S01,2,38.6,38.69323931396333,38.73110472994315,38.63860182897197,38.83878295846075
MEAS_R000068,MEAS_UNIT_000068,68,C027,S01,4,38.5,38.80733756477122,38.94779387181704,38.659275257798924,38.93677210805119
MEAS_R000069,MEAS_UNIT_000069,69,C027,S01,2,38.5,38.73774061794429,38.771931843428185,38.610560931543446,38.84623491979644
MEAS_R000070,MEAS_UNIT_000070,70,C027,S01,2,39.1,38.95095026443894,38.932775359963465,38.80587044597756,39.022797550417124
MEAS_R000071,MEAS_UNIT_000071,71,C027,S01,5,39.1,38.99044776009627,38.86961672855142,38.85874474551039,39.05244935015028
MEAS_R000072,MEAS_UNIT_000072,72,C027,S01,1,38.2,38.98416579854637,39.1115488076057,38.68935794880692,39.194211955080746
MEAS_R000073,MEAS_UNIT_000073,73,C026,S01,1,38.3,38.63323171753824,38.6172063221425,38.693663077814826,38.61621167169027
MEAS_R000074,MEAS_UNIT_000074,74,C026,S01,2,38.5,38.6388147024368,38.638824458863766,38.59832577266997,38.58307251029638
MEAS_R000075,MEAS_UNIT_000075,75,C026,S01,5,38.6,38.58485454538234,38.56454283209445,38.27501877446931,38.61558433811826
MEAS_R000076,MEAS_UNIT_000076,76,C026,S01,2,39.0,38.7595483230013,38.663880401590454,38.616832988554584,38.66947438404804
MEAS_R000077,MEAS_UNIT_000077,77,C026,S01,4,39.1,38.763540433481225,38.73953823839798,38.63581462310101,38.67468587243721
MEAS_R000078,MEAS_UNIT_000078,78,C026,S01,1,38.9,38.67392221962339,38.756436199874194,38.20107575689964,38.734405520567215
MEAS_R000079,MEAS_UNIT_000079,79,C026,S01,3,38.6,38.734075779691146,38.771314929826936,38.52562703297491,38.76526965165038
MEAS_R000080,MEAS_UNIT_000080,80,C016,S01,2,38.9,38.6557088664675,38.61481339973601,38.53774685615988,38.60125520915202
MEAS_R000081,MEAS_UNIT_000081,81,C016,S01,4,39.2,38.6344145942498,38.48906999270001,38.611427963892424,38.63476665049927
MEAS_R000082,MEAS_UNIT_000082,82,C016,S01,3,38.0,38.56706193054092,38.67094133761292,38.63293553753793,38.62618962811144
MEAS_R000083,MEAS_UNIT_000083,83,C016,S01,1,38.1,38.55843806382964,38.584771153727296,38.54901478565556,38.62455307666124
MEAS_R000084,MEAS_UNIT_000084,84,C016,S01,3,38.3,38.50469413472642,38.5539258293761,38.61630482839601,38.53829949871158
MEAS_R000085,MEAS_UNIT_000085,85,C016,S01,2,38.7,38.44785529455858,38.501377517845974,38.62067919375812,38.54621356167898
MEAS_R000086,MEAS_UNIT_000086,86,C016,S01,5,39.4,38.68907333177586,38.703545087780086,39.0179570677764,38.71218001351285
MEAS_R000087,MEAS_UNIT_000087,87,C016,S01,5,38.6,38.8824102210488,38.89012931891259,38.726204449824365,38.746336445188504
MEAS_R000088,MEAS_UNIT_000088,88,C016,S01,2,38.8,38.65883484320667,38.66686675474296,38.61229185546443,38.76251819688074
MEAS_R000089,MEAS_UNIT_000089,89,C022,S01,5,38.1,38.422021963000645,38.33816821316838,38.6390487446953,38.37598161187352
MEAS_R000090,MEAS_UNIT_000090,90,C022,S01,4,38.3,38.31777963133626,38.37253417277054,38.70481280044591,38.31567443524001
MEAS_R000091,MEAS_UNIT_000091,91,C022,S01,1,38.1,38.47284873307486,38.587536425786354,38.53482752212871,38.46443432553692
MEAS_R000092,MEAS_UNIT_000092,92,C022,S01,4,38.1,38.53649365696457,38.460112951343525,38.619429391881546,38.36296250551453
MEAS_R000093,MEAS_UNIT_000093,93,C022,S01,2,38.7,38.43270307893928,38.30718446449263,38.62682936745334,38.27629893036108
MEAS_R000094,MEAS_UNIT_000094,94,C022,S01,1,38.2,38.51755239491003,38.468433654001146,38.62572292572271,38.36064515257075
MEAS_R000095,MEAS_UNIT_000095,95,C022,S01,2,38.7,38.48604966164369,38.44313771825567,38.62420067337562,38.29630313145567
MEAS_R000096,MEAS_UNIT_000096,96,C022,S01,4,39.0,38.37264100492538,38.31367287761134,38.531267284345,38.292041909443185
MEAS_R000097,MEAS_UNIT_000097,97,C022,S01,2,39.5,38.349995945455774,38.32240627006148,38.650566752165396,38.268796137589334
MEAS_R000098,MEAS_UNIT_000098,98,C022,S01,1,38.0,38.60778592700649,38.634613727975626,38.56327231995902,38.41723573223145
MEAS_R000099,MEAS_UNIT_000099,99,C022,S01,5,38.3,38.428889802633776,38.49415602568034,38.74716581432858,38.47273829949396
MEAS_R000100,MEAS_UNIT_000100,100,C022,S01,3,38.2,38.44459143431168,38.5159975717648,38.733670251477236,38.623322400093144
MEAS_R000101,MEAS_UNIT_000101,101,C022,S01,1,38.2,38.45424391259132,38.452354558802966,38.68319787164192,38.63721891474441
MEAS_R000102,MEAS_UNIT_000102,102,C022,S01,2,38.5,38.36318433144928,38.36692772415023,38.756378417108095,38.540687645370745
MEAS_R000103,MEAS_UNIT_000103,103,C014,S01,5,38.5,38.33679545673239,38.27321747353234,38.68378588356622,38.2148968352292
MEAS_R000104,MEAS_UNIT_000104,104,C014,S01,5,38.5,38.22786300771914,38.22759780283826,38.61761319214635,38.27589058334715
MEAS_R000105,MEAS_UNIT_000105,105,C014,S01,2,38.0,38.32472031694071,38.28425577113769,39.30657682592516,38.31940797692484
MEAS_R000106,MEAS_UNIT_000106,106,C014,S01,4,38.1,38.1043841766802,38.134979637473414,38.7236704412625,38.19932618879365
MEAS_R000107,MEAS_UNIT_000107,107,C014,S01,3,38.2,38.07633875932123,38.15182689010513,38.53330628389383,38.181299572149456
MEAS_R000108,MEAS_UNIT_000108,108,C014,S01,2,37.5,38.17166639568383,38.17573983722277,38.60074984826609,38.26575829758152
MEAS_R000109,MEAS_UNIT_000109,109,C014,S01,1,38.1,38.13325831082927,38.119698634790545,38.65680114328138,38.26853703954883
MEAS_R000110,MEAS_UNIT_000110,110,C014,S01,1,38.0,38.15475444500058,38.208703943782275,38.6209173058476,38.28504700846227
MEAS_R000111,MEAS_UNIT_000111,111,C014,S01,1,38.0,38.1147753458541,38.16812069556468,38.5875743527847,38.23340153419853
MEAS_R000112,MEAS_UNIT_000112,112,C014,S01,2,39.0,38.43920586951219,38.429337159975475,39.18170850236729,38.384073983475716
MEAS_R000113,MEAS_UNIT_000113,113,C014,S01,2,39.2,38.45389509373629,38.45221844956931,38.5827421665713,38.3736314640198
MEAS_R000114,MEAS_UNIT_000114,114,C014,S01,5,38.8,38.374086271061294,38.51240796866964,38.58028357613288,38.37991450079218
MEAS_R000115,MEAS_UNIT_000115,115,C014,S01,1,38.4,38.57597676179018,38.6239142109266,38.63838714052113,38.430838528908716
MEAS_R000116,MEAS_UNIT_000116,116,C023,S01,5,38.3,38.994140447269245,39.0043782958772,38.778689107981656,39.07293652999486
MEAS_R000117,MEAS_UNIT_000117,117,C023,S01,1,38.3,39.16966388038293,39.179653661753186,38.78255437277986,39.033394138143336
MEAS_R000118,MEAS_UNIT_000118,118,C023,S01,3,39.4,38.80622540911842,38.986094460598615,38.565226121227994,38.98991253842479
MEAS_R000119,MEAS_UNIT_000119,119,C023,S01,4,39.2,38.90863413744387,38.91599869417429,38.548870606329515,38.896602478383976
MEAS_R000120,MEAS_UNIT_000120,120,C023,S01,1,39.0,38.93924676698183,38.960684245810754,38.58460537766813,38.930805154065474
MEAS_R000121,MEAS_UNIT_000121,121,C023,S01,4,38.8,38.921226270008844,38.940166353585866,38.48076149204702,38.917077526418375
MEAS_R000122,MEAS_UNIT_000122,122,C023,S01,2,38.9,38.92602258249424,38.895183373008216,38.68696435928241,38.86239256827067
MEAS_R000123,MEAS_UNIT_000123,123,C023,S01,3,38.6,38.953036099359295,38.965277067077764,38.63645160018713,38.93457448205337
MEAS_R000124,MEAS_UNIT_000124,124,C023,S01,3,39.1,38.91913710434464,38.87567652738729,38.762452450043966,38.9397375905711
MEAS_R000125,MEAS_UNIT_000125,125,C023,S01,5,39.0,38.92724126909148,38.8266191432852,38.60974806707262,38.92962774721899
MEAS_R000126,MEAS_UNIT_000126,126,C023,S01,5,39.1,39.23011069601368,39.12398506016835,39.139223815037305,39.122050490271235
MEAS_R000127,MEAS_UNIT_000127,127,C023,S01,2,39.9,39.04730436558757,39.14288193807498,38.663896420580286,39.037514103375706
MEAS_R000128,MEAS_UNIT_000128,128,C023,S01,4,39.4,39.084395173839376,39.269261131545605,38.64762424601364,39.08638079555401
MEAS_R000129,MEAS_UNIT_000129,129,C023,S01,1,39.3,39.13139197864812,39.19862500557933,38.84388783428518,39.2340869912786
MEAS_R000130,MEAS_UNIT_000130,130,C011,S01,3,38.1,38.23450038897976,38.24903429338165,38.726529592809804,38.190378320305825
MEAS_R000131,MEAS_UNIT_000131,131,C011,S01,5,38.0,38.09940857770664,38.10706350205104,38.614906400656054,38.139830086394696
MEAS_R000132,MEAS_UNIT_000132,132,C011,S01,2,37.9,38.125311975106186,38.08820100593485,38.60926543399508,38.142226649447906
MEAS_R000133,MEAS_UNIT_000133,133,C011,S01,1,38.1,38.08073416569751,38.09605125988681,38.707010686870596,38.1302283385529
MEAS_R000134,MEAS_UNIT_000134,134,C011,S01,2,38.1,38.12271842629136,38.12813189410832,38.59204037798645,38.144210650599916
MEAS_R000135,MEAS_UNIT_000135,135,C011,S01,4,38.4,38.32401753785025,38.380263873598444,38.67376482618547,38.3080377852646
MEAS_R000136,MEAS_UNIT_000136,136,C011,S01,5,39.1,38.19835703158087,38.204460879216825,38.58442909081266,38.212767031473746
MEAS_R000137,MEAS_UNIT_000137,137,C011,S01,5,38.2,38.4117574320878,38.48715793489574,38.688000175385085,38.27069622932667
MEAS_R000138,MEAS_UNIT_000138,138,C011,S01,4,38.1,38.40348456843965,38.32107492308146,38.68524552086772,38.40926873784857
MEAS_R000139,MEAS_UNIT_000139,139,C004,S01,4,37.8,37.81600364140706,37.745712255221875,38.65307806559923,37.724778378011536
MEAS_R000140,MEAS_UNIT_000140,140,C004,S01,1,37.6,37.61415823078586,37.661721123342865,38.55620689576773,37.59910240164055
MEAS_R000141,MEAS_UNIT_000141,141,C004,S01,2,37.5,37.57004035585347,37.61315931124261,38.54123563766241,37.66496440506881
MEAS_R000142,MEAS_UNIT_000142,142,C004,S01,5,37.6,37.65194033105964,37.620385797168154,38.78299315947531,37.72695170483991
MEAS_R000143,MEAS_UNIT_000143,143,C004,S01,4,37.6,37.62034570034517,37.60287804613755,38.63002218446811,37.73902919893399
MEAS_R000144,MEAS_UNIT_000144,144,C004,S01,1,37.5,37.580196878709,37.51881472655784,38.55403389192432,37.6994081592138
MEAS_R000145,MEAS_UNIT_000145,145,C004,S01,5,37.6,37.66161835430108,37.63477634105262,38.59953979813535,37.733371763519294
MEAS_R000146,MEAS_UNIT_000146,146,C004,S01,3,37.5,37.5908823678578,37.61761313458467,38.570258787497515,37.67486649245967
MEAS_R000147,MEAS_UNIT_000147,147,C004,S01,3,37.5,37.55466557646991,37.54444325146187,38.54714351365142,37.636884407471875
MEAS_R000148,MEAS_UNIT_000148,148,C004,S01,2,37.7,37.80268754600943,37.66111085727744,38.66269210744409,37.753370954982906
MEAS_R000149,MEAS_UNIT_000149,149,C004,S01,3,37.7,37.719054006873,37.77827196982273,38.71979528198078,37.825046163884096
MEAS_R000150,MEAS_UNIT_000150,150,C004,S01,2,37.6,37.7063816846527,37.66586348418465,38.60024052321084,37.81179977097368
MEAS_R000151,MEAS_UNIT_000151,151,C028,S01,1,40.3,40.26257501351625,40.24915574840226,39.31012903235133,40.365655894852864
MEAS_R000152,MEAS_UNIT_000152,152,C028,S01,5,40.2,40.16489906790218,40.16166988235771,39.10883415723408,39.83475621851441
MEAS_R000153,MEAS_UNIT_000153,153,C028,S01,3,40.2,40.16903434317023,40.144921851064545,39.2715003292556,39.84795968070317
MEAS_R000154,MEAS_UNIT_000154,154,C028,S01,5,40.2,40.187990029465695,40.192641591765636,39.296201997705694,39.82086709731048
MEAS_R000155,MEAS_UNIT_000155,155,C028,S01,1,39.8,39.85413892185714,39.927709636977305,39.285954899050225,39.85809677403961
MEAS_R000156,MEAS_UNIT_000156,156,C028,S01,2,40.3,40.23185814668927,40.2207429630454,39.30055578011628,40.15352145785572
MEAS_R000157,MEAS_UNIT_000157,157,C028,S01,4,40.1,40.09057422856595,40.10295723709211,39.324245097121555,40.09256054411403
MEAS_R000158,MEAS_UNIT_000158,158,C028,S01,3,40.3,40.216494608642655,40.22763030048076,39.50410681565871,40.32672677439589
MEAS_R000159,MEAS_UNIT_000159,159,C028,S01,2,40.1,40.070018273812494,40.0466637815529,39.13511912195328,39.90050483031583
MEAS_R000160,MEAS_UNIT_000160,160,C028,S01,3,40.1,40.12988398658676,40.15415054039083,39.41192673257501,40.30085148792372
MEAS_R000161,MEAS_UNIT_000161,161,C028,S01,4,40.2,40.25629255445597,40.140015375629076,39.176558571768844,40.13447265662805
MEAS_R000162,MEAS_UNIT_000162,162,C028,S01,2,40.3,40.28737176282005,40.23209837265401,39.33145091004454,40.179599479999794
MEAS_R000163,MEAS_UNIT_000163,163,C028,S01,2,40.3,40.306765214885054,40.225736220675635,39.33176949712571,40.28758796271573
MEAS_R000164,MEAS_UNIT_000164,164,C008,S01,3,38.3,38.34829996971686,38.31324681422164,38.86100252562534,38.311122543787015
MEAS_R000165,MEAS_UNIT_000165,165,C008,S01,4,38.2,38.20697429992499,38.138467293837756,38.65602824701511,38.1050418542744
MEAS_R000166,MEAS_UNIT_000166,166,C008,S01,3,38.1,38.11667994782451,38.15166421044741,38.77679447465975,38.21051058011685
MEAS_R000167,MEAS_UNIT_000167,167,C008,S01,2,38.1,38.11657593059765,38.0854091831746,38.69284800570259,38.156376318994774
MEAS_R000168,MEAS_UNIT_000168,168,C008,S01,3,38.1,38.1441347730041,38.16593893282822,38.6487574925224,38.17071726346658
MEAS_R000169,MEAS_UNIT_000169,169,C008,S01,1,38.1,38.13263091588776,38.13284827612868,38.75830849657992,38.17951884502606
MEAS_R000170,MEAS_UNIT_000170,170,C008,S01,1,38.1,38.12725914688117,38.1485416981033,38.64739619461333,38.17418834913993
MEAS_R000171,MEAS_UNIT_000171,171,C008,S01,2,38.2,38.17575348820145,38.140235235495865,38.67864965848561,38.13885833460853
MEAS_R000172,MEAS_UNIT_000172,172,C008,S01,2,38.2,38.18007928460969,38.12076233885139,38.65210088705852,38.17287865810592
MEAS_R000173,MEAS_UNIT_000173,173,C008,S01,1,38.2,38.21207362768904,38.26706765036344,38.78916899442727,38.20067737715619
MEAS_R000174,MEAS_UNIT_000174,174,C008,S01,1,38.3,38.28543378610041,38.31216834755844,38.70279347015533,38.36575303785719
MEAS_R000175,MEAS_UNIT_000175,175,C008,S01,4,38.2,38.18401196052071,38.157609219352246,38.56778686206995,38.20306361677738
MEAS_R000176,MEAS_UNIT_000176,176,C030,S01,2,40.1,39.97001328885465,40.07316466530232,38.66623656682532,40.401099933670935
MEAS_R000177,MEAS_UNIT_000177,177,C030,S01,1,40.2,40.0979315357637,40.170447496996424,38.73251129255888,40.07080289967612
MEAS_R000178,MEAS_UNIT_000178,178,C030,S01,2,40.3,40.24505025197847,40.2815818623381,38.51818671065599,40.23556023537093
MEAS_R000179,MEAS_UNIT_000179,179,C030,S01,1,40.3,40.23115125278594,40.25980488107588,38.69544371415203,40.24420419736441
MEAS_R000180,MEAS_UNIT_000180,180,C030,S01,5,40.3,40.2310464269987,40.30135680549344,38.63136823115522,40.13799319715494
MEAS_R000181,MEAS_UNIT_000181,181,C030,S01,3,40.3,40.21752952181606,40.22337636354406,38.547555341620416,40.221147039897566
MEAS_R000182,MEAS_UNIT_000182,182,C030,S01,2,40.2,40.13654929957802,40.204687554923524,38.5657846769901,40.05128977947261
MEAS_R000183,MEAS_UNIT_000183,183,C030,S01,2,40.2,40.109798620563296,40.188542273475996,38.62007596496644,40.18077565698416
MEAS_R000184,MEAS_UNIT_000184,184,C030,S01,5,40.2,40.12705085606956,40.14298097877186,38.62410416770177,40.01337382126648
MEAS_R000185,MEAS_UNIT_000185,185,C030,S01,1,40.2,40.09283456282336,40.250781213495536,38.649336125968205,40.16708905740528
MEAS_R000186,MEAS_UNIT_000186,186,C030,S01,4,40.2,40.15296876186318,40.21596504016455,38.71676814968346,40.25976558305586
MEAS_R000187,MEAS_UNIT_000187,187,C030,S01,5,40.2,40.15675418447479,40.20526600800837,38.63484855095461,40.19554165580557
MEAS_R000188,MEAS_UNIT_000188,188,C030,S01,3,40.1,40.00268270074507,40.066574538052265,38.65586835555854,40.234957958788996
MEAS_R000189,MEAS_UNIT_000189,189,C030,S01,3,40.2,40.14459603841316,40.14033019550116,38.692907576848256,40.25826354401408
MEAS_R000190,MEAS_UNIT_000190,190,C018,S01,1,38.8,38.80875806843834,38.82883408226848,38.74742874031905,38.92490537062687
MEAS_R000191,MEAS_UNIT_000191,191,C018,S01,2,38.8,38.78721125879037,38.80073451738333,38.62418344155413,38.83239926633894
MEAS_R000192,MEAS_UNIT_000192,192,C018,S01,5,38.8,38.812263217246326,38.83244597478428,39.03328859251953,38.84651620807703
MEAS_R000193,MEAS_UNIT_000193,193,C018,S01,4,38.8,38.78816464952538,38.79038101829368,38.64095345826575,38.82981663398124
MEAS_R000194,MEAS_UNIT_000194,194,C018,S01,5,38.8,38.75857094971322,38.741940697754224,38.670324664504165,38.64723148329829
MEAS_R000195,MEAS_UNIT_000195,195,C018,S01,3,38.8,38.7669101220045,38.72674784514326,38.82035530658612,38.79595658879065
MEAS_R000196,MEAS_UNIT_000196,196,C018,S01,2,38.8,38.76862085423866,38.735478831825084,38.71149755117475,38.77040025879593
MEAS_R000197,MEAS_UNIT_000197,197,C018,S01,5,38.8,38.75602854433555,38.73073875831023,38.582775880970686,38.812864210181665
MEAS_R000198,MEAS_UNIT_000198,198,C018,S01,1,38.8,38.78319353051002,38.78204202697933,38.646830531922404,38.741563087422264
MEAS_R000199,MEAS_UNIT_000199,199,C018,S01,4,38.8,38.79232473380617,38.81603986471045,38.63649333323471,38.78512903290052
MEAS_R000200,MEAS_UNIT_000200,200,C018,S01,1,38.8,38.75370817500504,38.71628275480028,38.70254057503974,38.79316053106184
MEAS_R000201,MEAS_UNIT_000201,201,C018,S01,4,38.8,38.762340538286495,38.7136869585556,38.5943189291808,38.82100986445647
MEAS_R000202,MEAS_UNIT_000202,202,C025,S01,2,39.4,39.382603763414345,39.356783813694356,38.65589080969712,39.33390420420698
MEAS_R000203,MEAS_UNIT_000203,203,C025,S01,3,39.5,39.360184740985765,39.35327170829028,38.60347981416748,39.459389020322
MEAS_R000204,MEAS_UNIT_000204,204,C025,S01,3,39.5,39.36315615092318,39.35170949881114,38.58453209225102,39.312162476561454
MEAS_R000205,MEAS_UNIT_000205,205,C025,S01,4,39.4,39.34331161377239,39.300592942982924,38.65785365846489,39.35654656061776
MEAS_R000206,MEAS_UNIT_000206,206,C025,S01,5,39.4,39.371888734831295,39.28166397947955,38.588073748239495,39.30465612518492
MEAS_R000207,MEAS_UNIT_000207,207,C025,S01,2,39.4,39.35796162027185,39.37166925524467,38.60005595757913,39.57537480833819
MEAS_R000208,MEAS_UNIT_000208,208,C025,S01,5,39.4,39.38425430371758,39.406639632322296,38.73120656261892,39.582315694183706
MEAS_R000209,MEAS_UNIT_000209,209,C025,S01,4,39.5,39.38200043947195,39.42339065844267,38.81182110738969,39.5642543325133
MEAS_R000210,MEAS_UNIT_000210,210,C025,S01,1,39.4,39.40942921027592,39.38657294875942,38.546958359054656,39.5383818892624
MEAS_R000211,MEAS_UNIT_000211,211,C010,S01,1,38.7,38.72658419037585,38.72455900589303,39.341805614820075,38.782852446543956
MEAS_R000212,MEAS_UNIT_000212,212,C010,S01,3,38.6,38.59860480831958,38.56955723341298,39.27288267131996,38.533778563144686
MEAS_R000213,MEAS_UNIT_000213,213,C010,S01,2,38.7,38.66805995105924,38.625948917154744,39.23150867423722,38.5436268467713
MEAS_R000214,MEAS_UNIT_000214,214,C010,S01,4,38.6,38.59072218271349,38.58817302608956,39.21237193679515,38.63932106886191
MEAS_R000215,MEAS_UNIT_000215,215,C010,S01,1,38.7,38.71228691822048,38.71330928450033,39.13668844178776,38.61496086580187
MEAS_R000216,MEAS_UNIT_000216,216,C010,S01,3,38.6,38.58329894558052,38.57345788414776,39.22310542371258,38.56771518215983
MEAS_R000217,MEAS_UNIT_000217,217,C010,S01,3,38.7,38.67479709955116,38.65647125201472,39.23239117176145,38.464673227283924
MEAS_R000218,MEAS_UNIT_000218,218,C010,S01,5,38.6,38.59003902283588,38.587851453862655,39.10814667193091,38.57972259740665
MEAS_R000219,MEAS_UNIT_000219,219,C010,S01,3,38.7,38.70992062422677,38.699380271625266,39.14255292992139,38.582183667309195
MEAS_R000220,MEAS_UNIT_000220,220,C010,S01,2,38.6,38.61121467040434,38.603403299398174,39.25771505599231,38.807500819145474
MEAS_R000221,MEAS_UNIT_000221,221,C010,S01,4,38.6,38.61352999185327,38.59876530738648,39.193454641964124,38.723196746022744
MEAS_R000222,MEAS_UNIT_000222,222,C010,S01,5,38.6,38.5857755750245,38.59099886929667,39.14299600559193,38.66750481585379
MEAS_R000223,MEAS_UNIT_000223,223,C010,S01,2,38.7,38.705646890433954,38.69165580537024,39.33480602721141,38.781108952086626
MEAS_R000224,MEAS_UNIT_000224,224,C010,S01,2,38.7,38.79578096308249,38.77951098632009,39.293294865965294,38.86011405642536
MEAS_R000225,MEAS_UNIT_000225,225,C019,S01,4,39.5,39.50936915328578,39.54072220181962,39.17018937332448,39.722989663788915
MEAS_R000226,MEAS_UNIT_000226,226,C019,S01,1,39.5,39.43161779171739,39.416264245667776,39.1842117647696,39.21866734547099
MEAS_R000227,MEAS_UNIT_000227,227,C019,S01,5,39.4,39.36696573295467,39.389856372543896,39.318028207920634,39.26766884613547
MEAS_R000228,MEAS_UNIT_000228,228,C019,S01,4,39.5,39.48700013241723,39.49962040733455,39.33551671659535,39.193591545400025
MEAS_R000229,MEAS_UNIT_000229,229,C019,S01,3,39.4,39.38655717460137,39.37586965039284,39.35418483634509,39.32816332293479
MEAS_R000230,MEAS_UNIT_000230,230,C019,S01,1,39.5,39.50477940646744,39.52510074578505,39.16016602893975,39.455312823452545
MEAS_R000231,MEAS_UNIT_000231,231,C019,S01,3,39.6,39.47907877189032,39.430882357990036,39.37406660891384,39.57986039201767
MEAS_R000232,MEAS_UNIT_000232,232,C019,S01,4,39.5,39.48045560262915,39.45949152489343,39.2221226366412,39.54050032620025
MEAS_R000233,MEAS_UNIT_000233,233,C019,S01,1,39.5,39.53024946825205,39.56037275374705,39.40073483992251,39.667429057411084
MEAS_R000234,MEAS_UNIT_000234,234,C019,S01,2,39.5,39.53041001439894,39.537555011203345,39.16696883725857,39.75844585770109
MEAS_R000235,MEAS_UNIT_000235,235,C019,S01,5,39.5,39.4757213695417,39.46490530685482,39.298153739404384,39.30954478004873
MEAS_R000236,MEAS_UNIT_000236,236,C019,S01,2,39.4,39.37484126197481,39.37400959099415,39.209348324237645,39.24931941729481
MEAS_R000237,MEAS_UNIT_000237,237,C019,S01,5,39.5,39.48485521690173,39.47930800816903,39.24851032696048,39.39700437788392
MEAS_R000238,MEAS_UNIT_000238,238,C005,S01,3,37.8,37.83745030490542,37.821384347752094,39.24646345713679,37.971305500729905
MEAS_R000239,MEAS_UNIT_000239,239,C005,S01,5,37.8,37.78078920371752,37.824711486525196,39.28737021099364,37.76812450872137
MEAS_R000240,MEAS_UNIT_000240,240,C005,S01,4,37.9,37.90569985649121,37.86867242359081,39.1318890849884,37.81913142858518
MEAS_R000241,MEAS_UNIT_000241,241,C005,S01,4,37.8,37.75042707177471,37.76183122155222,39.11465079463484,37.76573229870549
MEAS_R000242,MEAS_UNIT_000242,242,C005,S01,2,37.9,37.91028845096068,37.939010431769624,39.191930161205505,37.82257741928754
MEAS_R000243,MEAS_UNIT_000243,243,C005,S01,1,37.8,37.78325315602556,37.78414567714421,39.37095847799979,37.78992890863855
MEAS_R000244,MEAS_UNIT_000244,244,C005,S01,3,38.2,38.23272282175874,38.16209478166309,39.21924504502064,37.94816358102322
MEAS_R000245,MEAS_UNIT_000245,245,C005,S01,1,38.0,38.014087159101855,38.0308946701368,39.271738013800395,37.84071203058258
MEAS_R000246,MEAS_UNIT_000246,246,C005,S01,3,37.8,37.84047013943663,37.83361877680601,39.299163681956294,37.95026902938744
MEAS_R000247,MEAS_UNIT_000247,247,C005,S01,1,38.2,38.206834035636994,38.158976019610016,39.2019415778051,37.92939742616943
MEAS_R000248,MEAS_UNIT_000248,248,C005,S01,2,37.8,37.8194126404395,37.8329146568167,39.206237810202644,38.02142139662395
MEAS_R000249,MEAS_UNIT_000249,249,C005,S01,2,38.0,38.02411032214519,38.03897319066858,39.43902990662935,37.92099238027515
MEAS_R000250,MEAS_UNIT_000250,250,C005,S01,4,37.8,37.82035073485833,37.80923600086873,39.346687871345196,37.94430261005875
MEAS_R000251,MEAS_UNIT_000251,251,C005,S01,3,37.8,37.87640422054452,37.84363626510358,39.385725066282255,38.00722633791266
MEAS_R000252,MEAS_UNIT_000252,252,C017,S01,2,40.1,39.8827874853818,39.85820696145871,39.50112761170578,39.565764678613874
MEAS_R000253,MEAS_UNIT_000253,253,C017,S01,2,38.9,39.07702507568536,39.059701831619016,39.19741454804289,39.27680724003062
MEAS_R000254,MEAS_UNIT_000254,254,C017,S01,1,39.4,39.17821458821589,39.168531658560816,39.247542882033365,39.173564169136604
MEAS_R000255,MEAS_UNIT_000255,255,C017,S01,1,39.2,39.0052552296256,39.04550835949873,39.126665309969596,39.30472569603887
MEAS_R000256,MEAS_UNIT_000256,256,C017,S01,5,39.0,39.3855728400228,39.36695863731669,39.14983172761456,39.26800692251263
MEAS_R000257,MEAS_UNIT_000257,257,C017,S01,4,39.3,39.42844721561707,39.42664026259256,39.28195727701751,39.290626697129525
MEAS_R000258,MEAS_UNIT_000258,258,C017,S01,4,39.1,39.431335753986886,39.4274890266979,39.22748023401318,39.44100301936132
MEAS_R000259,MEAS_UNIT_000259,259,C017,S01,2,39.6,39.31162818129387,39.317914122678665,39.11178016743072,39.242261345402866
MEAS_R000260,MEAS_UNIT_000260,260,C017,S01,3,39.4,39.42393153467011,39.42923235922564,39.228218893556274,39.39143408879547
MEAS_R000261,MEAS_UNIT_000261,261,C017,S01,2,39.9,39.93882297635368,39.952483413533145,39.29918619359266,39.59276405835148
MEAS_R000262,MEAS_UNIT_000262,262,C017,S01,5,39.3,39.46294898798658,39.45241240261004,39.22374549750145,39.61797708940173
MEAS_R000263,MEAS_UNIT_000263,263,C017,S01,1,39.4,39.33620008278477,39.31022766800574,38.960352735065825,39.52114296721346
MEAS_R000264,MEAS_UNIT_000264,264,C017,S01,4,40.0,39.91114325727593,39.88897234931535,39.28878440725612,39.576002093103
MEAS_R000265,MEAS_UNIT_000265,265,C017,S01,3,39.5,39.31942641434682,39.329361694917374,39.316599487084474,39.546296048738114
MEAS_R000266,MEAS_UNIT_000266,266,C017,S01,3,39.8,39.98219791727493,39.99675131583156,39.59308805402826,39.623577476361014
MEAS_R000267,MEAS_UNIT_000267,267,C017,S01,5,39.4,39.37841186089983,39.39751360574512,39.37633182953223,39.64388941360891
MEAS_R000268,MEAS_UNIT_000268,268,C020,S01,5,39.6,39.57481237123374,39.56782308954452,39.21258584605957,39.75180134118803
MEAS_R000269,MEAS_UNIT_000269,269,C020,S01,3,38.6,38.89601231941569,38.93518107463497,38.83627573535959,39.274107926576825
MEAS_R000270,MEAS_UNIT_000270,270,C020,S01,4,39.2,39.1080397923249,39.081830553964295,38.97951019791976,39.23095328682599
MEAS_R000271,MEAS_UNIT_000271,271,C020,S01,2,38.8,38.77757508581498,38.84723284535433,39.01062703125286,39.257265995189016
MEAS_R000272,MEAS_UNIT_000272,272,C020,S01,1,39.1,39.164570050764205,39.16876226503139,39.1974697081712,39.18023482560549
MEAS_R000273,MEAS_UNIT_000273,273,C020,S01,4,39.1,39.16318445574588,39.13576061093661,39.3731093495184,39.385681318439545
MEAS_R000274,MEAS_UNIT_000274,274,C020,S01,2,39.5,39.13450673011752,39.15797724384859,39.35936463804642,39.451842306466006
MEAS_R000275,MEAS_UNIT_000275,275,C020,S01,1,40.2,40.15372436792104,40.16643240962417,39.313299776576805,39.41741423032224
MEAS_R000276,MEAS_UNIT_000276,276,C020,S01,3,39.5,39.1707800372686,39.26730902186854,39.369342610649994,39.58146039020157
MEAS_R000277,MEAS_UNIT_000277,277,C020,S01,4,39.6,39.53825879993371,39.53338188054171,39.139288707792765,39.60280427823502
MEAS_R000278,MEAS_UNIT_000278,278,C020,S01,5,38.6,39.52562623997917,39.56811171810554,39.13740498048618,39.79514601157505
MEAS_R000279,MEAS_UNIT_000279,279,C020,S01,1,40.4,40.162986900548496,40.15265726525223,39.38491617721174,39.54940147142287
MEAS_R000280,MEAS_UNIT_000280,280,C020,S01,3,39.5,39.59309060691188,39.58348280192078,39.169032903476705,39.79415898223583
MEAS_R000281,MEAS_UNIT_000281,281,C020,S01,5,40.2,40.23367464348929,40.26081974148605,39.51005657109833,39.81592028183308
MEAS_R000282,MEAS_UNIT_000282,282,C020,S01,2,39.5,39.58690274017714,39.53366147677844,39.23888013906455,39.849672033668725
MEAS_R000283,MEAS_UNIT_000283,283,C020,S01,3,40.2,40.2091687906316,40.22855050186105,39.32992547016955,39.776889952270075
MEAS_R000284,MEAS_UNIT_000284,284,C009,S01,2,40.4,40.48128783151133,40.423494229778406,39.105464375023935,40.08891236101397
MEAS_R000285,MEAS_UNIT_000285,285,C009,S01,1,39.3,39.50972900835793,39.42805793555065,39.111228576862175,39.72285720627445
MEAS_R000286,MEAS_UNIT_000286,286,C009,S01,4,39.4,39.57654117970543,39.56839014912022,39.018056209881266,39.75173212840614
MEAS_R000287,MEAS_UNIT_000287,287,C009,S01,1,39.5,39.485336129073794,39.4497074263253,39.30239507584366,39.701976733720485
MEAS_R000288,MEAS_UNIT_000288,288,C009,S01,1,39.5,39.700456742873534,39.679968164395866,39.213532205320845,39.91981702767634
MEAS_R000289,MEAS_UNIT_000289,289,C009,S01,3,40.5,40.449886779422,40.366073047278974,39.16868573160495,39.940793922691334
MEAS_R000290,MEAS_UNIT_000290,290,C009,S01,5,38.7,39.77693310528528,39.72056287161349,39.240983838203114,40.00412713288562
MEAS_R000291,MEAS_UNIT_000291,291,C009,S01,1,40.8,40.44871504336906,40.39704731695376,39.23908432541283,39.91240737372526
MEAS_R000292,MEAS_UNIT_000292,292,C009,S01,5,40.6,40.46819248013172,40.472207016730415,39.34972310673392,40.090588465748645
MEAS_R000293,MEAS_UNIT_000293,293,C012,S01,5,40.3,40.37560265442457,40.33243463095885,39.28157600836499,39.99294913659286
MEAS_R000294,MEAS_UNIT_000294,294,C012,S01,4,39.1,39.0737394965044,39.09281511996792,39.13466793574117,39.50197181941578
MEAS_R000295,MEAS_UNIT_000295,295,C012,S01,4,39.0,39.10315407930406,39.137951507223846,39.08155935424553,39.503546547620495
MEAS_R000296,MEAS_UNIT_000296,296,C012,S01,1,39.0,39.1297004122511,39.175663108293655,39.09320658154515,39.57076546467066
MEAS_R000297,MEAS_UNIT_000297,297,C012,S01,1,39.7,39.52675447475752,39.49315051372851,39.04206505725272,39.587055240855705
MEAS_R000298,MEAS_UNIT_000298,298,C012,S01,2,39.5,39.49208803299474,39.477298993602666,39.225932630788186,39.74966020589905
MEAS_R000299,MEAS_UNIT_000299,299,C012,S01,5,39.5,39.88617220794381,39.87429635503013,39.35702108606492,39.7593824406619
MEAS_R000300,MEAS_UNIT_000300,300,C012,S01,2,39.5,39.534911749816125,39.49773557664286,39.15464621942101,39.84166588079218
MEAS_R000301,MEAS_UNIT_000301,301,C012,S01,2,39.8,39.727904708353634,39.676352262714744,39.27624717681468,39.78155610487034
MEAS_R000302,MEAS_UNIT_000302,302,C012,S01,3,40.0,39.63350844075694,39.59678780525864,39.20251915208293,39.86809030966864
MEAS_R000303,MEAS_UNIT_000303,303,C012,S01,2,39.4,39.57082865962544,39.51490616136687,39.16236569709051,39.96769129292027
MEAS_R000304,MEAS_UNIT_000304,304,C012,S01,4,40.6,40.297904328562055,40.28590137085577,39.086557379936245,39.86308571139902
MEAS_R000305,MEAS_UNIT_000305,305,C012,S01,5,40.5,40.35066153763437,40.335946663873365,39.38773624368054,39.903519673244034
MEAS_R000306,MEAS_UNIT_000306,306,C006,S01,3,39.8,39.58175458342037,39.59582596266909,39.05333575629267,39.295505248640026
MEAS_R000307,MEAS_UNIT_000307,307,C006,S01,1,38.5,39.3809631853851,39.32094519176722,39.16027805827899,39.10212236798347
MEAS_R000308,MEAS_UNIT_000308,308,C006,S01,2,38.6,38.6415889221405,38.717043682978904,39.162662786128,38.98219642894839
MEAS_R000309,MEAS_UNIT_000309,309,C006,S01,5,39.3,39.09487559039079,38.97319145643524,39.08192292192327,39.07214924320927
MEAS_R000310,MEAS_UNIT_000310,310,C006,S01,1,38.5,38.804887294935085,38.921947151176795,38.988569991510616,39.05491478944553
MEAS_R000311,MEAS_UNIT_000311,311,C006,S01,3,39.7,39.050469018903605,39.029592723018425,39.20741873160613,38.946007276762366
MEAS_R000312,MEAS_UNIT_000312,312,C006,S01,4,38.4,38.70346414183898,38.793334365817444,39.20556926701172,39.31682658475435
MEAS_R000313,MEAS_UNIT_000313,313,C006,S01,3,38.9,39.683401766793,39.44392243419022,39.34094928315847,39.10558670185998
MEAS_R000314,MEAS_UNIT_000314,314,C006,S01,2,39.4,39.63077531139514,39.60358543916155,39.22561631343697,39.32288943071148
MEAS_R000315,MEAS_UNIT_000315,315,C006,S01,4,38.5,38.696917121676336,38.79618503910462,39.217290025619675,39.36967617130587
MEAS_R000316,MEAS_UNIT_000316,316,C006,S01,2,39.4,39.606023957077895,39.58567180164943,39.06022142369055,39.399888040635105
MEAS_R000317,MEAS_UNIT_000317,317,C006,S01,4,39.9,38.98758517532643,39.01892918154706,39.20369803538691,39.36734595696728
MEAS_R000318,MEAS_UNIT_000318,318,C006,S01,2,39.6,39.65282635145154,39.69146829211854,39.41710859469682,39.450275885896346
MEAS_R000319,MEAS_UNIT_000319,319,C006,S01,5,40.0,39.55880877842709,39.59229317992018,39.22851663667446,39.38929789417047
MEAS_R000320,MEAS_UNIT_000320,320,C015,S01,3,38.9,38.98376079685174,38.9709881308157,39.32406527460002,38.968853849096845
MEAS_R000321,MEAS_UNIT_000321,321,C015,S01,1,38.2,38.31493767523629,38.39112663466863,39.314099530479254,38.68613504413901
MEAS_R000322,MEAS_UNIT_000322,322,C015,S01,5,39.7,38.32775995468516,38.30709369413052,38.97136749383326,38.440362313974106
MEAS_R000323,MEAS_UNIT_000323,323,C015,S01,1,38.2,38.261491038852384,38.28337628877132,39.17015049979841,38.67055449887442
MEAS_R000324,MEAS_UNIT_000324,324,C015,S01,1,38.5,38.70970777957372,38.81803826986253,39.08830304905069,38.66940123703155
MEAS_R000325,MEAS_UNIT_000325,325,C015,S01,3,38.3,38.71172825518932,38.58396840035135,39.13369347294952,38.54893704646316
MEAS_R000326,MEAS_UNIT_000326,326,C015,S01,2,38.2,38.289383381944006,38.29869580386922,39.041074087157526,38.52477045862009
MEAS_R000327,MEAS_UNIT_000327,327,C015,S01,2,38.2,38.25051382340458,38.26539368431368,39.23922065045165,38.457676760251424
MEAS_R000328,MEAS_UNIT_000328,328,C015,S01,4,38.0,38.74841118093251,38.691922134041846,39.09977304376054,38.508032959726684
MEAS_R000329,MEAS_UNIT_000329,329,C015,S01,4,39.2,39.50847054028439,39.44306052953627,39.24341885187248,38.58057756410253
MEAS_R000330,MEAS_UNIT_000330,330,C015,S01,4,38.5,38.54440950862738,38.62838136207122,39.236811403918836,38.79826970139972
MEAS_R000331,MEAS_UNIT_000331,331,C015,S01,5,39.0,39.5497413709284,39.54102990635384,39.00794719164077,38.648304503817634
MEAS_R000332,MEAS_UNIT_000332,332,C015,S01,5,39.7,39.32429465574798,39.27122532333086,39.24759879389076,38.63216688047883
MEAS_R000333,MEAS_UNIT_000333,333,C015,S01,2,40.0,39.18232253530702,39.18869234164958,39.137793526281534,38.87076691884908
MEAS_R000334,MEAS_UNIT_000334,334,C015,S01,3,38.5,38.544104628932686,38.57321433254908,39.20530227449974,38.943057651745505
MEAS_R000335,MEAS_UNIT_000335,335,C015,S01,1,38.4,38.615639140425415,38.731644981091975,39.27552859102009,39.105085805811925
MEAS_R000336,MEAS_UNIT_000336,336,C015,S01,3,38.8,39.01313350693029,39.01701287397429,39.37025589562601,39.004790927218245
MEAS_R000337,MEAS_UNIT_000337,337,C015,S01,2,39.1,38.84143205673651,38.81078161324511,39.35222051515376,39.0033550606927
MEAS_R000338,MEAS_UNIT_000338,338,C007,S01,4,40.1,39.242293252683375,39.22999011892468,39.25930781412358,39.60443014353406
MEAS_R000339,MEAS_UNIT_000339,339,C007,S01,3,38.4,39.167718274389614,39.17655812086213,39.12921970037338,39.401685487927864
MEAS_R000340,MEAS_UNIT_000340,340,C007,S01,1,39.8,39.79153628268916,39.81306963663401,39.25905323189045,39.46292468350582
MEAS_R000341,MEAS_UNIT_000341,341,C007,S01,4,38.5,39.19293445579401,39.1326709936855,39.179743727262746,39.504589529614016
MEAS_R000342,MEAS_UNIT_000342,342,C007,S01,1,40.0,39.72169561181447,39.700028289779006,39.127106121509044,39.3591160926224
MEAS_R000343,MEAS_UNIT_000343,343,C007,S01,5,39.3,38.888011128838045,38.9039105415923,39.08989962941789,39.35636032639169
MEAS_R000344,MEAS_UNIT_000344,344,C007,S01,2,39.9,39.78381748556095,39.76527498657546,39.1721193332303,39.43033801672027
MEAS_R000345,MEAS_UNIT_000345,345,C007,S01,3,39.7,38.93295205369956,38.96968089088209,39.238068176099276,39.30240050858489
MEAS_R000346,MEAS_UNIT_000346,346,C007,S01,5,39.7,39.866586757985495,39.84565891243139,39.14051858712361,39.47099151185568
MEAS_R000347,MEAS_UNIT_000347,347,C007,S01,5,39.5,39.575884568606526,39.584463029714314,39.23629544102231,39.664965921103345
MEAS_R000348,MEAS_UNIT_000348,348,C007,S01,4,39.7,39.51079614736948,39.50812461955013,39.22068010134779,39.60233980019924
MEAS_R000349,MEAS_UNIT_000349,349,C007,S01,2,39.6,39.53245343465923,39.53523917890224,39.29188827048604,39.6292805761144
MEAS_R000350,MEAS_UNIT_000350,350,C007,S01,1,39.3,39.50395013901141,39.51452676249363,39.242483058895644,39.693040576741254
MEAS_R000351,MEAS_UNIT_000351,351,C007,S01,3,40.7,40.34494134678594,40.222983585674484,39.23215530989586,39.658553472737886
MEAS_R000352,MEAS_UNIT_000352,352,C007,S01,2,39.2,39.420077927938,39.35830474292802,39.455011261051894,39.85785814872525
MEAS_R000353,MEAS_UNIT_000353,353,C007,S01,2,39.4,39.58934523369181,39.54848360486266,39.29958166604633,39.838773966799515
MEAS_R000354,MEAS_UNIT_000354,354,C007,S01,1,40.6,40.31415670152776,40.25220548202983,39.33153288953675,39.776265189738346
MEAS_R000355,MEAS_UNIT_000355,355,C007,S01,3,38.3,39.7221247513858,39.756152892388876,39.366090315970816,39.98751067690117
MEAS_R000356,MEAS_UNIT_000356,356,C007,S01,4,40.2,39.27460221334706,39.13203121228091,39.29081401252822,39.76312197232326
MEAS_R000357,MEAS_UNIT_000357,357,C013,S01,3,39.3,39.07034054879736,39.02737590838334,39.13711814185461,38.99523753617923
MEAS_R000358,MEAS_UNIT_000358,358,C013,S01,4,38.7,38.66765348477578,38.66606610641166,39.196421619719615,38.80935456775954
MEAS_R000359,MEAS_UNIT_000359,359,C013,S01,4,38.6,38.73218700827266,38.72637704262666,39.15173502383089,38.8256050004356
MEAS_R000360,MEAS_UNIT_000360,360,C013,S01,5,38.6,38.66085476944615,38.649906137338775,39.1355034019289,39.015429453515374
MEAS_R000361,MEAS_UNIT_000361,361,C013,S01,5,39.3,39.01708990789916,38.95686352820097,39.32042383329122,38.90250548882366
MEAS_R000362,MEAS_UNIT_000362,362,C013,S01,1,39.2,39.100021529772256,39.1033587476108,39.19041791241267,39.0198400366818
MEAS_R000363,MEAS_UNIT_000363,363,C013,S01,2,38.5,38.73273008719494,38.79398705960766,39.30123694615797,39.132841560255066
MEAS_R000364,MEAS_UNIT_000364,364,C013,S01,2,39.1,39.13374073271113,39.15098217382484,39.21597416908206,39.14083233439923
MEAS_R000365,MEAS_UNIT_000365,365,C013,S01,1,39.1,39.15397154989684,39.15657707424496,39.29999970565427,39.20065963393151
MEAS_R000366,MEAS_UNIT_000366,366,C013,S01,5,39.0,39.12809163340041,39.15271087636267,39.264750898829014,39.02378359569316
MEAS_R000367,MEAS_UNIT_000367,367,C024,S01,4,38.0,38.42137957169963,38.439554258853086,39.10975885019017,38.702642494616995
MEAS_R000368,MEAS_UNIT_000368,368,C024,S01,1,38.0,38.41123175904396,38.419011126391425,39.14392465058549,38.706641962088185
MEAS_R000369,MEAS_UNIT_000369,369,C024,S01,1,38.6,38.35885553061499,38.40391376876388,39.26692051262048,38.65621178610631
MEAS_R000370,MEAS_UNIT_000370,370,C024,S01,5,38.3,38.15149730663107,38.17370162362801,39.153446451782926,38.71810722956892
MEAS_R000371,MEAS_UNIT_000371,371,C024,S01,5,38.3,38.4744756654698,38.491866140929325,39.17727126813352,38.582663923269564
MEAS_R000372,MEAS_UNIT_000372,372,C024,S01,2,38.2,38.497932277388266,38.53009676363718,39.14554561639105,38.639077264421665
MEAS_R000373,MEAS_UNIT_000373,373,C024,S01,3,38.4,38.16455008100219,38.238970976330876,39.244310990664054,38.648132418434464
MEAS_R000374,MEAS_UNIT_000374,374,C024,S01,3,38.7,39.01381711985557,39.02032943116611,39.32654268838565,38.90422488660265
MEAS_R000375,MEAS_UNIT_000375,375,C024,S01,2,38.2,38.61916225371512,38.69541784289505,39.3290959645861,39.054838656747314
MEAS_R000376,MEAS_UNIT_000376,376,C024,S01,1,38.9,38.93769491931676,38.92300514185251,39.182254595184794,38.96066821212532
MEAS_R000377,MEAS_UNIT_000377,377,C024,S01,4,40.4,40.49747280628085,40.42867118357153,39.17660655769225,39.07268775353272
MEAS_R000378,MEAS_UNIT_000378,378,C024,S01,4,38.4,38.43736739670026,38.50433613660963,39.14109983966421,39.07981007884093
MEAS_R000379,MEAS_UNIT_000379,379,C024,S01,2,39.2,38.88536934984072,38.86173216846154,39.17703731536402,39.049668266458525
MEAS_R000380,MEAS_UNIT_000380,380,C024,S01,5,41.2,40.12433641799729,40.143798132659775,39.277222829838806,39.02471074512263
MEAS_R000381,MEAS_UNIT_000381,381,C024,S01,2,38.5,38.47224714554269,38.517194888883296,39.51968341097169,39.295450241910444
MEAS_R000382,MEAS_UNIT_000382,382,C024,S01,1,40.5,40.43111420173955,40.39905111155292,39.30176556583024,39.25875714321931
MEAS_R000383,MEAS_UNIT_000383,383,C024,S01,3,40.2,40.544339411546034,40.46027511478299,39.17173446531838,39.247656361682075
MEAS_R000384,MEAS_UNIT_000384,384,C001,S01,2,38.2,38.17449983726858,38.189566088679044,38.592640063897306,38.135075333835246
MEAS_R000385,MEAS_UNIT_000385,385,C001,S01,3,38.3,38.32140267582233,38.2690622294928,38.684803943465866,38.27534955239915
MEAS_R000386,MEAS_UNIT_000386,386,C001,S01,1,38.3,38.2813597016563,38.20872435816704,38.72885060313776,38.27411533855421
MEAS_R000387,MEAS_UNIT_000387,387,C001,S01,4,38.2,38.18326343921559,38.247144325032124,38.671743910538524,38.179570967019586
MEAS_R000388,MEAS_UNIT_000388,388,C002,S01,5,39.0,38.9974848257986,39.03963727364945,38.68533956791416,39.0280288010722
MEAS_R000389,MEAS_UNIT_000389,389,C002,S01,2,39.0,38.95951355710191,38.92649359773904,38.63232259737003,39.04880836445933
MEAS_R000390,MEAS_UNIT_000390,390,C002,S01,1,39.0,38.951721967203085,38.94623043643194,38.63712667092887,39.01298111355951
MEAS_R000391,MEAS_UNIT_000391,391,C002,S01,3,39.0,38.95758220743542,38.912752685618884,38.63156836275772,38.952544703556654
MEAS_R000392,MEAS_UNIT_000392,392,C003,S01,3,38.5,38.51603096774941,38.53092815724153,38.666575306069454,38.52994128320372
MEAS_R000393,MEAS_UNIT_000393,393,C003,S01,5,38.6,38.585994850464246,38.47947174800136,38.61912892840958,38.573634802758434
MEAS_R000394,MEAS_UNIT_000394,394,C003,S01,4,38.5,38.47848435006681,38.48678399924606,38.63280878605287,38.47009575108504
MEAS_R000395,MEAS_UNIT_000395,395,C003,S01,5,38.5,38.52484970922801,38.53742818107183,38.590634718539604,38.48536589070255
MEAS_R000396,MEAS_UNIT_000396,396,C003,S01,1,38.6,38.57121375293536,38.51634266628342,38.57015449608094,38.568227854383146
MEAS_R000397,MEAS_UNIT_000397,397,C004,S01,2,37.6,37.721074258123366,37.70595411458466,38.63236051336338,37.84376599931702
MEAS_R000398,MEAS_UNIT_000398,398,C004,S01,1,37.7,37.70381956018333,37.743758442835556,38.66698267150248,37.794940140149585
MEAS_R000399,MEAS_UNIT_000399,399,C004,S01,1,37.7,37.7377200299681,37.71414644639898,38.68005549083183,37.83854207586602
MEAS_R000400,MEAS_UNIT_000400,400,C004,S01,4,37.5,37.557792192477386,37.596617111600374,38.553412847841095,37.60325150681754
MEAS_R000401,MEAS_UNIT_000401,401,C004,S01,5,37.6,37.68561476051828,37.690265321963196,38.78418384388422,37.76121623453014
MEAS_R000402,MEAS_UNIT_000402,402,C005,S01,5,37.8,37.804617833930855,37.79082866939605,39.210391554635606,37.949540425969644
MEAS_R000403,MEAS_UNIT_000403,403,C005,S01,5,37.7,37.7728509770419,37.79537635310824,39.114225914080706,37.915973700576934
MEAS_R000404,MEAS_UNIT_000404,404,C005,S01,1,37.9,37.8944208117239,37.8847149004641,39.12529018238431,37.81496213163939
MEAS_R000405,MEAS_UNIT_000405,405,C005,S01,2,37.7,37.78669975476072,37.786120670211886,39.192567213028596,37.92259785457397
MEAS_R000406,MEAS_UNIT_000406,406,C006,S01,5,39.5,39.54635720345751,39.58499156185476,39.199228727397475,39.28324573964368
MEAS_R000407,MEAS_UNIT_000407,407,C006,S01,3,39.6,39.59503282066812,39.611374130034406,39.07907763156738,39.280277950814515
MEAS_R000408,MEAS_UNIT_000408,408,C006,S01,1,39.4,39.41297983589907,39.39145494049725,39.20504809281295,39.175728604749786
MEAS_R000409,MEAS_UNIT_000409,409,C006,S01,2,38.7,38.67456975974314,38.755577789888136,39.10920319954637,39.06059730598367
MEAS_R000410,MEAS_UNIT_000410,410,C008,S01,5,38.2,38.17032042882459,38.16799182791084,38.6271485487311,38.238913838276225
MEAS_R000411,MEAS_UNIT_000411,411,C008,S01,5,38.2,38.194532125432616,38.18049511617003,38.61281660761128,38.22654144110018
MEAS_R000412,MEAS_UNIT_000412,412,C008,S01,2,38.1,38.11691369698181,38.14391286393705,38.72724695845889,38.18095526663203
MEAS_R000413,MEAS_UNIT_000413,413,C008,S01,5,38.1,38.11570128403706,38.10424208482732,38.65676168029561,38.199425328641425
MEAS_R000414,MEAS_UNIT_000414,414,C008,S01,4,38.2,38.187762983729705,38.13416186478347,38.65530467616479,38.108160708515584
MEAS_R000415,MEAS_UNIT_000415,415,C009,S01,5,39.7,39.742958291022624,39.625976075358984,39.18188006199495,39.84561163155396
MEAS_R000416,MEAS_UNIT_000416,416,C009,S01,1,40.4,40.457444766874346,40.41205642357336,39.155452748492564,39.94176161857116
MEAS_R000417,MEAS_UNIT_000417,417,C009,S01,5,40.4,40.462698445992885,40.40399745607878,39.290364305011565,39.99058546512215
MEAS_R000418,MEAS_UNIT_000418,418,C009,S01,2,40.5,40.47327240537821,40.498039380807114,39.17999504178457,40.16363746515755
MEAS_R000419,MEAS_UNIT_000419,419,C009,S01,1,39.6,39.52135783174498,39.474556964540845,39.27057953253308,39.84115263394359
MEAS_R000420,MEAS_UNIT_000420,420,C009,S01,4,39.6,39.60264634364791,39.634351676768866,39.00972975404531,39.90189261106608
MEAS_R000421,MEAS_UNIT_000421,421,C009,S01,1,39.5,39.54081711347908,39.51801808423043,39.27047225821845,39.9336330603956
MEAS_R000422,MEAS_UNIT_000422,422,C009,S01,1,39.7,39.67574692172576,39.643454606348264,39.107541747122845,39.84486653486537
MEAS_R000423,MEAS_UNIT_000423,423,C010,S01,4,38.7,38.73485302433805,38.74572838258071,39.20695060662319,38.87913800254604
MEAS_R000424,MEAS_UNIT_000424,424,C010,S01,1,38.6,38.63162779542884,38.62560414684335,39.307626829013486,38.7309900902069
MEAS_R000425,MEAS_UNIT_000425,425,C010,S01,1,38.8,38.721431778456974,38.6991055327905,39.318839790792836,38.79807049471328
MEAS_R000426,MEAS_UNIT_000426,426,C010,S01,5,38.7,38.714035362000764,38.7032888666422,39.33032756029635,38.83862843139472
MEAS_R000427,MEAS_UNIT_000427,427,C011,S01,5,38.3,38.32403914776832,38.35877860394716,38.78580882762113,38.19562639004599
MEAS_R000428,MEAS_UNIT_000428,428,C011,S01,5,38.3,38.36603780680387,38.35109060703125,38.677400010034034,38.303216641584896
MEAS_R000429,MEAS_UNIT_000429,429,C011,S01,4,38.4,38.39987346611426,38.36591078396449,38.6157463604587,38.3337997790988
MEAS_R000430,MEAS_UNIT_000430,430,C011,S01,3,38.1,38.12491677552956,38.198483728205865,38.5860049883253,38.09700232323904
MEAS_R000431,MEAS_UNIT_000431,431,C011,S01,5,38.2,38.18128145068849,38.1690482157335,38.806485407810044,38.2123740899416
MEAS_R000432,MEAS_UNIT_000432,432,C011,S01,2,38.2,38.210220081236486,38.22950572877512,38.66689897423107,38.24536030432719
MEAS_R000433,MEAS_UNIT_000433,433,C011,S01,1,38.1,38.09956814164461,38.09831368799528,38.703428766615346,38.15171580224795
MEAS_R000434,MEAS_UNIT_000434,434,C011,S01,2,38.1,38.120746773809216,38.13635430660294,38.61581651401718,38.13696936494737
MEAS_R000435,MEAS_UNIT_000435,435,C012,S01,2,39.5,39.56546291095555,39.54984757698009,39.36847839173649,40.01055537908427
MEAS_R000436,MEAS_UNIT_000436,436,C012,S01,4,40.2,40.300305770011136,40.30765151825822,39.127463309555445,39.88811035482757
MEAS_R000437,MEAS_UNIT_000437,437,C012,S01,5,40.3,40.30226367274688,40.289249788324206,39.18074069630573,39.721718052800284
MEAS_R000438,MEAS_UNIT_000438,438,C012,S01,5,40.4,40.3960576955321,40.37123912862295,39.29946176655433,40.04710376446377
MEAS_R000439,MEAS_UNIT_000439,439,C013,S01,5,39.0,39.00990491053967,38.945721140118,39.16897038114714,38.88350814176089
MEAS_R000440,MEAS_UNIT_000440,440,C013,S01,1,39.1,39.10278553377986,39.13471349376712,39.216585463162495,39.02653555486305
MEAS_R000441,MEAS_UNIT_000441,441,C013,S01,2,38.7,38.73059275072066,38.78159188065861,39.34648572745801,39.18469391191931
MEAS_R000442,MEAS_UNIT_000442,442,C013,S01,2,39.1,39.10713853140445,39.093580561926686,39.22979568933821,39.017361370328615
MEAS_R000443,MEAS_UNIT_000443,443,C013,S01,1,39.1,39.122577945626816,39.13273068995107,39.33266913223471,39.15536544734912
MEAS_R000444,MEAS_UNIT_000444,444,C013,S01,5,39.1,39.12693036271354,39.14089015980909,39.216022873796305,39.06518995221967
MEAS_R000445,MEAS_UNIT_000445,445,C013,S01,3,39.1,39.07915613695136,39.05801374204363,39.22661483824629,39.01612006764471
MEAS_R000446,MEAS_UNIT_000446,446,C014,S01,5,38.0,37.98613855523151,37.94222090558236,38.628712215701,38.20800118277697
MEAS_R000447,MEAS_UNIT_000447,447,C014,S01,2,38.3,38.330473296683856,38.29604412680317,38.670270554429,38.287631624811766
MEAS_R000448,MEAS_UNIT_000448,448,C014,S01,4,38.3,38.33374011283751,38.465943777861966,38.62799376534111,38.32437913817897
MEAS_R000449,MEAS_UNIT_000449,449,C014,S01,3,38.3,38.28043804022599,38.281416842092646,38.46268683437401,38.3330025263721
MEAS_R000450,MEAS_UNIT_000450,450,C016,S01,2,38.6,38.62818267115412,38.57637069769715,38.69986785664986,38.62176124957544
MEAS_R000451,MEAS_UNIT_000451,451,C016,S01,5,38.7,38.65908266595222,38.72090264606121,38.76464416713486,38.64224359715948
MEAS_R000452,MEAS_UNIT_000452,452,C016,S01,5,38.7,38.728651828571046,38.72551700655306,38.817739088396195,38.62518086850881
MEAS_R000453,MEAS_UNIT_000453,453,C016,S01,2,38.8,38.78411707531313,38.6894749060516,38.548992840331856,38.73727762278572
MEAS_R000454,MEAS_UNIT_000454,454,C016,S01,2,38.7,38.69431261818576,38.65963502189924,38.74508416637308,38.78248633753046
MEAS_R000455,MEAS_UNIT_000455,455,C016,S01,4,38.7,38.68833739370905,38.71715543831943,38.70196454956177,38.68198505803278
MEAS_R000456,MEAS_UNIT_000456,456,C016,S01,3,38.8,38.82201720133478,38.79148434501261,38.715050044734376,38.739009709992274
MEAS_R000457,MEAS_UNIT_000457,457,C016,S01,1,38.6,38.56930277188376,38.64571413083367,38.54927774194257,38.64231541116858
MEAS_R000458,MEAS_UNIT_000458,458,C017,S01,1,39.0,39.02061264314517,39.07270839581142,39.22154621216964,39.24506760700147
MEAS_R000459,MEAS_UNIT_000459,459,C017,S01,5,39.4,39.39373567726283,39.40699377513338,39.24101826537903,39.388531975172235
MEAS_R000460,MEAS_UNIT_000460,460,C018,S01,3,38.8,38.790932997788175,38.80392013169427,38.687162918510865,38.85590948453514
MEAS_R000461,MEAS_UNIT_000461,461,C018,S01,2,38.8,38.7852170188762,38.79841908511622,38.62152361991288,38.791372872337874
MEAS_R000462,MEAS_UNIT_000462,462,C018,S01,3,38.8,38.75720910224448,38.738946845333054,38.663553296814015,38.70328145748939
MEAS_R000463,MEAS_UNIT_000463,463,C018,S01,2,38.8,38.74544365842894,38.73579613467299,38.61184167094503,38.667426210062814
MEAS_R000464,MEAS_UNIT_000464,464,C018,S01,1,38.8,38.76094636630229,38.75264114899848,38.6827966017389,38.741877107145704
MEAS_R000465,MEAS_UNIT_000465,465,C019,S01,2,39.4,39.40938018194648,39.397343630370514,39.28214973424828,39.56052980839877
MEAS_R000466,MEAS_UNIT_000466,466,C019,S01,3,39.5,39.52406393746455,39.55176894784894,39.299571541920784,39.66928391798141
MEAS_R000467,MEAS_UNIT_000467,467,C019,S01,2,39.5,39.602484665449495,39.60561629137497,39.35843506333427,39.80130084077584
MEAS_R000468,MEAS_UNIT_000468,468,C019,S01,1,39.5,39.5156963958658,39.5074967973342,39.208080251385866,39.59269833370743
MEAS_R000469,MEAS_UNIT_000469,469,C020,S01,5,40.2,40.22236047766026,40.21887920955801,39.19021653622324,39.70536456336247
MEAS_R000470,MEAS_UNIT_000470,470,C020,S01,2,39.6,39.59055708000686,39.55828141909727,39.186119983214894,39.79743467499748
MEAS_R000471,MEAS_UNIT_000471,471,C021,S01,2,38.3,38.3252779911731,38.314556750396896,38.6165276506034,38.268059311853335
MEAS_R000472,MEAS_UNIT_000472,472,C021,S01,3,38.3,38.32669623380111,38.39196847884195,38.78563244171489,38.38357464790617
MEAS_R000473,MEAS_UNIT_000473,473,C021,S01,1,38.3,38.31606102243042,38.32160807285163,38.73769261926516,38.30431911941843
MEAS_R000474,MEAS_UNIT_000474,474,C021,S01,4,38.2,38.19067707524823,38.148207205240155,38.360163310591446,38.16702243967948
MEAS_R000475,MEAS_UNIT_000475,475,C021,S01,4,38.2,38.20045183722284,38.196805281118436,38.73134976910342,38.15436043578192
MEAS_R000476,MEAS_UNIT_000476,476,C021,S01,3,38.3,38.28439655637338,38.25462602453338,38.74134980696719,38.22035366722105
MEAS_R000477,MEAS_UNIT_000477,477,C021,S01,1,38.2,38.21552726378018,38.23953640872021,38.71080766630446,38.14499492128114
MEAS_R000478,MEAS_UNIT_000478,478,C021,S01,1,38.2,38.23593280560741,38.22178795002449,38.68319536928503,38.215637060678304
MEAS_R000479,MEAS_UNIT_000479,479,C022,S01,1,38.4,38.42710968982385,38.480570493699396,39.056518956055115,38.589959908961376
MEAS_R000480,MEAS_UNIT_000480,480,C022,S01,2,38.4,38.39539879611927,38.42015205499752,38.6244273377772,38.54848408516732
MEAS_R000481,MEAS_UNIT_000481,481,C022,S01,5,38.4,38.3974744240924,38.48938029403894,38.65938252236883,38.453623885325605
MEAS_R000482,MEAS_UNIT_000482,482,C023,S01,3,38.9,38.910764445237206,38.901010618288154,38.54771940829421,39.06362113544516
MEAS_R000483,MEAS_UNIT_000483,483,C023,S01,5,38.9,38.91648022193691,38.86151398656662,38.7263941386952,38.85717272593648
MEAS_R000484,MEAS_UNIT_000484,484,C023,S01,5,39.1,39.241073063127,39.02298426480844,38.693773838932685,39.106259592730936
MEAS_R000485,MEAS_UNIT_000485,485,C024,S01,1,39.0,38.985284988854914,38.9472860265335,39.25359992414333,39.16490688793978
MEAS_R000486,MEAS_UNIT_000486,486,C025,S01,5,39.4,39.38202028827656,39.37796670266537,38.57707491598115,39.472978238059646
MEAS_R000487,MEAS_UNIT_000487,487,C025,S01,1,39.4,39.372495347533786,39.37967934718561,38.706616065227166,39.320631687687424
MEAS_R000488,MEAS_UNIT_000488,488,C025,S01,1,39.4,39.38598698375559,39.36847111570919,38.69449213187407,39.29029875172623
MEAS_R000489,MEAS_UNIT_000489,489,C025,S01,1,39.4,39.38615403807055,39.37489744407608,38.61641279040133,39.41356639864948
MEAS_R000490,MEAS_UNIT_000490,490,C025,S01,2,39.3,39.29335495821761,39.3502432937727,38.73226295182761,39.40373131192574
MEAS_R000491,MEAS_UNIT_000491,491,C025,S01,2,39.5,39.43266270830609,39.466052923369375,38.73260905528774,39.50646980401878
MEAS_R000492,MEAS_UNIT_000492,492,C025,S01,4,39.5,39.42872532644621,39.471649345626254,38.7939827796678,39.45977021356683
MEAS_R000493,MEAS_UNIT_000493,493,C025,S01,3,39.4,39.408737170824914,39.48425462668766,38.84091615505144,39.564301991817445
MEAS_R000494,MEAS_UNIT_000494,494,C026,S01,3,38.6,38.65451987861657,38.75243376716952,38.623482478601076,38.741767754374266
MEAS_R000495,MEAS_UNIT_000495,495,C026,S01,1,38.7,38.71575823782601,38.71266534687299,38.810048530951214,38.80791438610623
MEAS_R000496,MEAS_UNIT_000496,496,C026,S01,2,38.7,38.70684028568878,38.704832656140596,38.603494106724845,38.67928435704501
MEAS_R000497,MEAS_UNIT_000497,497,C026,S01,5,38.7,38.66943321313032,38.66384879831852,38.69382492749364,38.687605710116394
MEAS_R000498,MEAS_UNIT_000498,498,C026,S01,2,38.7,38.68759068265531,38.736783620218425,38.740269446568185,38.631002043010625
MEAS_R000499,MEAS_UNIT_000499,499,C026,S01,4,38.7,38.675278245241714,38.685611572521566,38.56723447715908,38.68427308285201
MEAS_R000500,MEAS_UNIT_000500,500,C026,S01,1,38.6,38.573792279181376,38.62490549133881,38.6748379678378,38.63267601387717
MEAS_R000501,MEAS_UNIT_000501,501,C026,S01,3,38.6,38.637086797778245,38.679182464419384,38.83331848243236,38.88263586355524
MEAS_R000502,MEAS_UNIT_000502,502,C026,S01,1,38.7,38.68411747717046,38.782634385131836,38.815831418873124,38.77667424428949
MEAS_R000503,MEAS_UNIT_000503,503,C026,S01,2,38.6,38.6195661221405,38.60438326735137,38.67582280232148,38.610127915023256
MEAS_R000504,MEAS_UNIT_000504,504,C027,S01,1,39.0,38.991240177406986,39.04507304368886,38.762261865153945,39.18107489740555
MEAS_R000505,MEAS_UNIT_000505,505,C027,S01,4,39.0,38.95445944336004,38.97718588040824,38.74728153696412,39.091283436615505
MEAS_R000506,MEAS_UNIT_000506,506,C027,S01,2,38.6,38.6338688707066,38.68685416935836,38.60476358320616,38.694816782799094
MEAS_R000507,MEAS_UNIT_000507,507,C027,S01,3,39.8,39.83921414107169,39.02410402328542,38.535664130286264,38.912330227056174
MEAS_R000508,MEAS_UNIT_000508,508,C027,S01,5,38.8,38.6698909920872,39.0319238021713,38.93968106428259,38.88846576161022
MEAS_R000509,MEAS_UNIT_000509,509,C028,S01,1,40.3,40.2753135586174,40.2569048828652,39.37130598961764,40.372675001546845
MEAS_R000510,MEAS_UNIT_000510,510,C028,S01,5,40.2,40.20832507514194,40.182816098819444,39.090882996433876,39.86567563904278
MEAS_R000511,MEAS_UNIT_000511,511,C028,S01,4,40.2,40.16062570202484,40.18725616673972,39.27852237435426,40.00305115164
MEAS_R000512,MEAS_UNIT_000512,512,C028,S01,1,40.2,40.13952941504468,40.176997692137014,39.2090479200955,39.93250461488739
MEAS_R000513,MEAS_UNIT_000513,513,C029,S01,2,38.3,38.32318812939887,38.322869935890125,38.69711937308766,38.30526305866169
MEAS_R000514,MEAS_UNIT_000514,514,C029,S01,5,38.4,38.396853197382256,38.36352039117026,38.671525261876724,38.305077631615966
MEAS_R000515,MEAS_UNIT_000515,515,C029,S01,2,38.3,38.31262577621865,38.33276563311643,38.645448465109034,38.32477206506166
MEAS_R000516,MEAS_UNIT_000516,516,C029,S01,1,38.3,38.274716972891646,38.24950500858297,38.69284800570259,38.25743856611466
MEAS_R000517,MEAS_UNIT_000517,517,C029,S01,3,38.3,38.281265755076106,38.32700586728973,38.70900596821996,38.23182548336128
MEAS_R000518,MEAS_UNIT_000518,518,C030,S01,4,40.3,40.23029057822883,40.28828270594673,38.616939751228365,40.25058593772073
MEAS_R000519,MEAS_UNIT_000519,519,C030,S01,1,40.2,40.17493479024818,40.19915901706183,38.647421688942735,40.073960718583024
MEAS_R000520,MEAS_UNIT_000520,520,C030,S01,4,40.3,40.23773587657366,40.27603852347051,38.649191726619634,40.208511848584756
